idx,idy,ntdiff,lat.x,long.x,lat.y,long.y,clade.x,clade.y,V10
AN16-110_S,AN16-24_S2,23,-3.110753,35.112708,-3.09357,35.06333,1,1,5697.794611566719
AN16-110_S,AN16-77_T,33,-3.110753,35.112708,-2.54811,35.22633,1,1,52783.72410883657
AN16-110_S,AN16-14_D1,24,-3.110753,35.112708,-3.038225,35.01837,1,1,12381.626648808136
AN16-110_S,AN16-80_I2,33,-3.110753,35.112708,-2.994935,35.095446,1,1,10731.666259312213
AN16-110_S,AN16-164_S2,26,-3.110753,35.112708,-3.03004,35.16133,1,1,9121.762392183618
AN16-110_S,AN16-23_D2,24,-3.110753,35.112708,-3.038225,35.01837,1,1,12381.626648808136
AN16-110_S,AN16-128_B,21,-3.110753,35.112708,-2.99792,35.084373,1,1,10757.504845667267
AN16-110_S,AN16-135_T2,25,-3.110753,35.112708,-3.06807,35.04067,1,1,8889.69475682893
AN16-110_S,AN16-122_S,29,-3.110753,35.112708,-2.934868,35.511649,1,1,47062.47030405058
AN16-110_S,AN16-80_D,33,-3.110753,35.112708,-2.994935,35.095446,1,1,10731.666259312213
AN16-110_S,AN16-06_B,21,-3.110753,35.112708,-3.067391,35.229781,1,1,13575.91007123406
AN16-110_S,AN16-14_S2,24,-3.110753,35.112708,-3.038225,35.01837,1,1,12381.626648808136
AN16-110_S,AN16-110_D2,0,-3.110753,35.112708,-3.110753,35.112708,1,1,0
AN16-110_S,AN17-01-A_T,22,-3.110753,35.112708,-3.096573,35.149872,1,1,4320.89280818938
AN16-110_S,AN16-165_S,28,-3.110753,35.112708,-2.55268,35.11628,1,1,50875.87453727749
AN16-110_S,AN16-23_D3,0,-3.110753,35.112708,-3.038225,35.01837,1,1,12381.626648808136
AN16-110_S,AN17-18_I,27,-3.110753,35.112708,-2.65342,35.11702,1,1,41693.375140636934
AN16-110_S,AN16-135_S,28,-3.110753,35.112708,-3.06807,35.04067,1,1,8889.69475682893
AN16-110_S,AN16-23_B,24,-3.110753,35.112708,-3.038225,35.01837,1,1,12381.626648808136
AN16-110_S,LNA-2_T1,33,-3.110753,35.112708,-3.05212,35.11393,1,1,5346.828607008396
AN16-110_S,AN16-164_S3,20,-3.110753,35.112708,-3.03004,35.16133,1,1,9121.762392183618
AN16-110_S,AN16-122_T2,0,-3.110753,35.112708,-2.934868,35.511649,1,1,47062.47030405058
AN16-110_S,AN16-132_I,27,-3.110753,35.112708,-3.189766,35.243246,1,1,16172.216406198768
AN16-110_S,AN16-14_S1,7,-3.110753,35.112708,-3.038225,35.01837,1,1,12381.626648808136
AN16-110_S,AN16-24_D,7,-3.110753,35.112708,-3.09357,35.06333,1,1,5697.794611566719
AN16-110_S,AN16-135_T1,25,-3.110753,35.112708,-3.06807,35.04067,1,1,8889.69475682893
AN16-110_S,AN16-23_D1,23,-3.110753,35.112708,-3.038225,35.01837,1,1,12381.626648808136
AN16-110_S,AN16-175_T,28,-3.110753,35.112708,-3.14563,35.20358,1,1,10570.604096099123
AN16-110_S,AN16-80_I1,7,-3.110753,35.112708,-2.994935,35.095446,1,1,10731.666259312213
AN16-110_S,AN16-14_D2,24,-3.110753,35.112708,-3.038225,35.01837,1,1,12381.626648808136
AN16-110_S,AN16-88_D,27,-3.110753,35.112708,-2.994935,35.095446,1,1,10731.666259312213
AN16-110_S,AN16-164_S1,26,-3.110753,35.112708,-3.03004,35.16133,1,1,9121.762392183618
AN16-110_S,AN16-24_T,7,-3.110753,35.112708,-3.09357,35.06333,1,1,5697.794611566719
AN16-110_S,AN16-135_I,25,-3.110753,35.112708,-3.06807,35.04067,1,1,8889.69475682893
AN16-110_S,AN16-155_S,25,-3.110753,35.112708,-3.29364,35.03649,1,1,18701.08979902837
AN16-110_S,AN17-01-A_B,28,-3.110753,35.112708,-3.096573,35.149872,1,1,4320.89280818938
AN16-110_S,AN17-18_S,26,-3.110753,35.112708,-2.65342,35.11702,1,1,41693.375140636934
AN16-110_S,LNA-2_T2,33,-3.110753,35.112708,-3.05212,35.11393,1,1,5346.828607008396
AN16-110_S,AN16-109_D1,27,-3.110753,35.112708,-3.01212,35.49434,1,1,43280.45925518032
AN16-110_S,AN16-122_T1,29,-3.110753,35.112708,-2.934868,35.511649,1,1,47062.47030405058
AN16-110_S,AN16-160_D2,24,-3.110753,35.112708,-3.29372,35.03663,1,1,18700.570167862592
AN16-110_S,AN16-132_T,27,-3.110753,35.112708,-3.189766,35.243246,1,1,16172.216406198768
AN16-110_S,AN17-20_S,28,-3.110753,35.112708,-2.56527,35.18269,1,1,50309.138911027825
AN16-110_S,AN17-38_T1,24,-3.110753,35.112708,-3.28117,35.00691,1,1,19479.120623694165
AN16-110_S,AN16-86-1_T,26,-3.110753,35.112708,-2.52621,35.25493,1,1,55530.99966695526
AN16-110_S,AN16-155_B,25,-3.110753,35.112708,-3.29364,35.03649,1,1,18701.08979902837
AN16-110_S,AN17-01-A_S,22,-3.110753,35.112708,-3.096573,35.149872,1,1,4320.89280818938
AN16-110_S,AN16-110_D1,0,-3.110753,35.112708,-3.110753,35.112708,1,1,0
AN16-24_S2,AN16-77_T,15,-3.09357,35.06333,-2.54811,35.22633,1,1,52893.40993857128
AN16-24_S2,AN16-14_D1,6,-3.09357,35.06333,-3.038225,35.01837,1,1,7097.8982443717105
AN16-24_S2,AN16-80_I2,15,-3.09357,35.06333,-2.994935,35.095446,1,1,9675.440070742172
AN16-24_S2,AN16-164_S2,8,-3.09357,35.06333,-3.03004,35.16133,1,1,12318.734529016832
AN16-24_S2,AN16-23_D2,6,-3.09357,35.06333,-3.038225,35.01837,1,1,7097.8982443717105
AN16-24_S2,AN16-128_B,3,-3.09357,35.06333,-2.99792,35.084373,1,1,9030.828897306323
AN16-24_S2,AN16-135_T2,7,-3.09357,35.06333,-3.06807,35.04067,1,1,3425.1844122672105
AN16-24_S2,AN16-122_S,11,-3.09357,35.06333,-2.934868,35.511649,1,1,51791.87856342141
AN16-24_S2,AN16-80_D,15,-3.09357,35.06333,-2.994935,35.095446,1,1,9675.440070742172
AN16-24_S2,AN16-06_B,3,-3.09357,35.06333,-3.067391,35.229781,1,1,18620.06550294668
AN16-24_S2,AN16-14_S2,6,-3.09357,35.06333,-3.038225,35.01837,1,1,7097.8982443717105
AN16-24_S2,AN16-110_D2,23,-3.09357,35.06333,-3.110753,35.112708,1,1,5697.794611566719
AN16-24_S2,AN17-01-A_T,4,-3.09357,35.06333,-3.096573,35.149872,1,1,9605.090970460535
AN16-24_S2,AN16-165_S,10,-3.09357,35.06333,-2.55268,35.11628,1,1,49671.37618796243
AN16-24_S2,AN16-23_D3,23,-3.09357,35.06333,-3.038225,35.01837,1,1,7097.8982443717105
AN16-24_S2,AN17-18_I,9,-3.09357,35.06333,-2.65342,35.11702,1,1,40575.90467223082
AN16-24_S2,AN16-135_S,10,-3.09357,35.06333,-3.06807,35.04067,1,1,3425.1844122672105
AN16-24_S2,AN16-23_B,6,-3.09357,35.06333,-3.038225,35.01837,1,1,7097.8982443717105
AN16-24_S2,LNA-2_T1,15,-3.09357,35.06333,-3.05212,35.11393,1,1,6767.59272042025
AN16-24_S2,AN16-164_S3,6,-3.09357,35.06333,-3.03004,35.16133,1,1,12318.734529016832
AN16-24_S2,AN16-122_T2,23,-3.09357,35.06333,-2.934868,35.511649,1,1,51791.87856342141
AN16-24_S2,AN16-132_I,8,-3.09357,35.06333,-3.189766,35.243246,1,1,21800.202464662812
AN16-24_S2,AN16-14_S1,24,-3.09357,35.06333,-3.038225,35.01837,1,1,7097.8982443717105
AN16-24_S2,AN16-24_D,24,-3.09357,35.06333,-3.09357,35.06333,1,1,0
AN16-24_S2,AN16-135_T1,7,-3.09357,35.06333,-3.06807,35.04067,1,1,3425.1844122672105
AN16-24_S2,AN16-23_D1,6,-3.09357,35.06333,-3.038225,35.01837,1,1,7097.8982443717105
AN16-24_S2,AN16-175_T,10,-3.09357,35.06333,-3.14563,35.20358,1,1,16267.10029968703
AN16-24_S2,AN16-80_I1,24,-3.09357,35.06333,-2.994935,35.095446,1,1,9675.440070742172
AN16-24_S2,AN16-14_D2,6,-3.09357,35.06333,-3.038225,35.01837,1,1,7097.8982443717105
AN16-24_S2,AN16-88_D,8,-3.09357,35.06333,-2.994935,35.095446,1,1,9675.440070742172
AN16-24_S2,AN16-164_S1,8,-3.09357,35.06333,-3.03004,35.16133,1,1,12318.734529016832
AN16-24_S2,AN16-24_T,24,-3.09357,35.06333,-3.09357,35.06333,1,1,0
AN16-24_S2,AN16-135_I,7,-3.09357,35.06333,-3.06807,35.04067,1,1,3425.1844122672105
AN16-24_S2,AN16-155_S,7,-3.09357,35.06333,-3.29364,35.03649,1,1,18494.20833184472
AN16-24_S2,AN17-01-A_B,10,-3.09357,35.06333,-3.096573,35.149872,1,1,9605.090970460535
AN16-24_S2,AN17-18_S,8,-3.09357,35.06333,-2.65342,35.11702,1,1,40575.90467223082
AN16-24_S2,LNA-2_T2,15,-3.09357,35.06333,-3.05212,35.11393,1,1,6767.59272042025
AN16-24_S2,AN16-109_D1,9,-3.09357,35.06333,-3.01212,35.49434,1,1,48389.434576745334
AN16-24_S2,AN16-122_T1,11,-3.09357,35.06333,-2.934868,35.511649,1,1,51791.87856342141
AN16-24_S2,AN16-160_D2,0,-3.09357,35.06333,-3.29372,35.03663,1,1,18498.90300976728
AN16-24_S2,AN16-132_T,8,-3.09357,35.06333,-3.189766,35.243246,1,1,21800.202464662812
AN16-24_S2,AN17-20_S,10,-3.09357,35.06333,-2.56527,35.18269,1,1,49942.71928284736
AN16-24_S2,AN17-38_T1,6,-3.09357,35.06333,-3.28117,35.00691,1,1,18226.80185527274
AN16-24_S2,AN16-86-1_T,8,-3.09357,35.06333,-2.52621,35.25493,1,1,55892.585342637154
AN16-24_S2,AN16-155_B,7,-3.09357,35.06333,-3.29364,35.03649,1,1,18494.20833184472
AN16-24_S2,AN17-01-A_S,4,-3.09357,35.06333,-3.096573,35.149872,1,1,9605.090970460535
AN16-24_S2,AN16-110_D1,23,-3.09357,35.06333,-3.110753,35.112708,1,1,5697.794611566719
AN16-77_T,AN16-14_D1,15,-2.54811,35.22633,-3.038225,35.01837,1,1,50280.69334493292
AN16-77_T,AN16-80_I2,0,-2.54811,35.22633,-2.994935,35.095446,1,1,43221.95948288941
AN16-77_T,AN16-164_S2,17,-2.54811,35.22633,-3.03004,35.16133,1,1,44478.94473040825
AN16-77_T,AN16-23_D2,15,-2.54811,35.22633,-3.038225,35.01837,1,1,50280.69334493292
AN16-77_T,AN16-128_B,12,-2.54811,35.22633,-2.99792,35.084373,1,1,43906.347766581566
AN16-77_T,AN16-135_T2,16,-2.54811,35.22633,-3.06807,35.04067,1,1,51671.74741764208
AN16-77_T,AN16-122_S,19,-2.54811,35.22633,-2.934868,35.511649,1,1,47300.96622019863
AN16-77_T,AN16-80_D,0,-2.54811,35.22633,-2.994935,35.095446,1,1,43221.95948288941
AN16-77_T,AN16-06_B,12,-2.54811,35.22633,-3.067391,35.229781,1,1,47273.809560400325
AN16-77_T,AN16-14_S2,15,-2.54811,35.22633,-3.038225,35.01837,1,1,50280.69334493292
AN16-77_T,AN16-110_D2,33,-2.54811,35.22633,-3.110753,35.112708,1,1,52783.72410883657
AN16-77_T,AN17-01-A_T,13,-2.54811,35.22633,-3.096573,35.149872,1,1,50668.35637247859
AN16-77_T,AN16-165_S,19,-2.54811,35.22633,-2.55268,35.11628,1,1,12216.451535364222
AN16-77_T,AN16-23_D3,33,-2.54811,35.22633,-3.038225,35.01837,1,1,50280.69334493292
AN16-77_T,AN17-18_I,18,-2.54811,35.22633,-2.65342,35.11702,1,1,15462.998189197182
AN16-77_T,AN16-135_S,19,-2.54811,35.22633,-3.06807,35.04067,1,1,51671.74741764208
AN16-77_T,AN16-23_B,15,-2.54811,35.22633,-3.038225,35.01837,1,1,50280.69334493292
AN16-77_T,LNA-2_T1,0,-2.54811,35.22633,-3.05212,35.11393,1,1,47577.91118102208
AN16-77_T,AN16-164_S3,15,-2.54811,35.22633,-3.03004,35.16133,1,1,44478.94473040825
AN16-77_T,AN16-122_T2,33,-2.54811,35.22633,-2.934868,35.511649,1,1,47300.96622019863
AN16-77_T,AN16-132_I,18,-2.54811,35.22633,-3.189766,35.243246,1,1,58437.8351560305
AN16-77_T,AN16-14_S1,34,-2.54811,35.22633,-3.038225,35.01837,1,1,50280.69334493292
AN16-77_T,AN16-24_D,34,-2.54811,35.22633,-3.09357,35.06333,1,1,52893.40993857128
AN16-77_T,AN16-135_T1,16,-2.54811,35.22633,-3.06807,35.04067,1,1,51671.74741764208
AN16-77_T,AN16-23_D1,15,-2.54811,35.22633,-3.038225,35.01837,1,1,50280.69334493292
AN16-77_T,AN16-175_T,19,-2.54811,35.22633,-3.14563,35.20358,1,1,54461.91147219506
AN16-77_T,AN16-80_I1,34,-2.54811,35.22633,-2.994935,35.095446,1,1,43221.95948288941
AN16-77_T,AN16-14_D2,15,-2.54811,35.22633,-3.038225,35.01837,1,1,50280.69334493292
AN16-77_T,AN16-88_D,18,-2.54811,35.22633,-2.994935,35.095446,1,1,43221.95948288941
AN16-77_T,AN16-164_S1,17,-2.54811,35.22633,-3.03004,35.16133,1,1,44478.94473040825
AN16-77_T,AN16-24_T,34,-2.54811,35.22633,-3.09357,35.06333,1,1,52893.40993857128
AN16-77_T,AN16-135_I,16,-2.54811,35.22633,-3.06807,35.04067,1,1,51671.74741764208
AN16-77_T,AN16-155_S,16,-2.54811,35.22633,-3.29364,35.03649,1,1,71138.09923586977
AN16-77_T,AN17-01-A_B,19,-2.54811,35.22633,-3.096573,35.149872,1,1,50668.35637247859
AN16-77_T,AN17-18_S,17,-2.54811,35.22633,-2.65342,35.11702,1,1,15462.998189197182
AN16-77_T,LNA-2_T2,0,-2.54811,35.22633,-3.05212,35.11393,1,1,47577.91118102208
AN16-77_T,AN16-109_D1,18,-2.54811,35.22633,-3.01212,35.49434,1,1,51600.79140279513
AN16-77_T,AN16-122_T1,20,-2.54811,35.22633,-2.934868,35.511649,1,1,47300.96622019863
AN16-77_T,AN16-160_D2,15,-2.54811,35.22633,-3.29372,35.03663,1,1,71140.41184171026
AN16-77_T,AN16-132_T,15,-2.54811,35.22633,-3.189766,35.243246,1,1,58437.8351560305
AN16-77_T,AN17-20_S,19,-2.54811,35.22633,-2.56527,35.18269,1,1,5087.524044855543
AN16-77_T,AN17-38_T1,15,-2.54811,35.22633,-3.28117,35.00691,1,1,71120.18310527578
AN16-77_T,AN16-86-1_T,17,-2.54811,35.22633,-2.52621,35.25493,1,1,3747.1995726037785
AN16-77_T,AN16-155_B,16,-2.54811,35.22633,-3.29364,35.03649,1,1,71138.09923586977
AN16-77_T,AN17-01-A_S,13,-2.54811,35.22633,-3.096573,35.149872,1,1,50668.35637247859
AN16-77_T,AN16-110_D1,33,-2.54811,35.22633,-3.110753,35.112708,1,1,52783.72410883657
AN16-14_D1,AN16-80_I2,15,-3.038225,35.01837,-2.994935,35.095446,1,1,9418.816527868757
AN16-14_D1,AN16-164_S2,2,-3.038225,35.01837,-3.03004,35.16133,1,1,15877.852164180518
AN16-14_D1,AN16-23_D2,0,-3.038225,35.01837,-3.038225,35.01837,1,1,0
AN16-14_D1,AN16-128_B,3,-3.038225,35.01837,-2.99792,35.084373,1,1,8193.865917060037
AN16-14_D1,AN16-135_T2,7,-3.038225,35.01837,-3.06807,35.04067,1,1,3679.4229659064436
AN16-14_D1,AN16-122_S,11,-3.038225,35.01837,-2.934868,35.511649,1,1,55529.25764566377
AN16-14_D1,AN16-80_D,15,-3.038225,35.01837,-2.994935,35.095446,1,1,9418.816527868757
AN16-14_D1,AN16-06_B,3,-3.038225,35.01837,-3.067391,35.229781,1,1,23604.722100546252
AN16-14_D1,AN16-14_S2,0,-3.038225,35.01837,-3.038225,35.01837,1,1,0
AN16-14_D1,AN16-110_D2,24,-3.038225,35.01837,-3.110753,35.112708,1,1,12381.626648808136
AN16-14_D1,AN17-01-A_T,4,-3.038225,35.01837,-3.096573,35.149872,1,1,15529.179361555529
AN16-14_D1,AN16-165_S,10,-3.038225,35.01837,-2.55268,35.11628,1,1,45600.74071599101
AN16-14_D1,AN16-23_D3,24,-3.038225,35.01837,-3.038225,35.01837,1,1,0
AN16-14_D1,AN17-18_I,3,-3.038225,35.01837,-2.65342,35.11702,1,1,36765.89313018031
AN16-14_D1,AN16-135_S,10,-3.038225,35.01837,-3.06807,35.04067,1,1,3679.4229659064436
AN16-14_D1,AN16-23_B,0,-3.038225,35.01837,-3.038225,35.01837,1,1,0
AN16-14_D1,LNA-2_T1,15,-3.038225,35.01837,-3.05212,35.11393,1,1,10677.089146934728
AN16-14_D1,AN16-164_S3,6,-3.038225,35.01837,-3.03004,35.16133,1,1,15877.852164180518
AN16-14_D1,AN16-122_T2,24,-3.038225,35.01837,-2.934868,35.511649,1,1,55529.25764566377
AN16-14_D1,AN16-132_I,9,-3.038225,35.01837,-3.189766,35.243246,1,1,28516.482673807972
AN16-14_D1,AN16-14_S1,25,-3.038225,35.01837,-3.038225,35.01837,1,1,0
AN16-14_D1,AN16-24_D,25,-3.038225,35.01837,-3.09357,35.06333,1,1,7097.8982443717105
AN16-14_D1,AN16-135_T1,7,-3.038225,35.01837,-3.06807,35.04067,1,1,3679.4229659064436
AN16-14_D1,AN16-23_D1,0,-3.038225,35.01837,-3.038225,35.01837,1,1,0
AN16-14_D1,AN16-175_T,10,-3.038225,35.01837,-3.14563,35.20358,1,1,22761.40166050897
AN16-14_D1,AN16-80_I1,25,-3.038225,35.01837,-2.994935,35.095446,1,1,9418.816527868757
AN16-14_D1,AN16-14_D2,0,-3.038225,35.01837,-3.038225,35.01837,1,1,0
AN16-14_D1,AN16-88_D,9,-3.038225,35.01837,-2.994935,35.095446,1,1,9418.816527868757
AN16-14_D1,AN16-164_S1,8,-3.038225,35.01837,-3.03004,35.16133,1,1,15877.852164180518
AN16-14_D1,AN16-24_T,25,-3.038225,35.01837,-3.09357,35.06333,1,1,7097.8982443717105
AN16-14_D1,AN16-135_I,7,-3.038225,35.01837,-3.06807,35.04067,1,1,3679.4229659064436
AN16-14_D1,AN16-155_S,7,-3.038225,35.01837,-3.29364,35.03649,1,1,23395.10432430792
AN16-14_D1,AN17-01-A_B,10,-3.038225,35.01837,-3.096573,35.149872,1,1,15529.179361555529
AN16-14_D1,AN17-18_S,2,-3.038225,35.01837,-2.65342,35.11702,1,1,36765.89313018031
AN16-14_D1,LNA-2_T2,15,-3.038225,35.01837,-3.05212,35.11393,1,1,10677.089146934728
AN16-14_D1,AN16-109_D1,9,-3.038225,35.01837,-3.01212,35.49434,1,1,52860.032725214354
AN16-14_D1,AN16-122_T1,11,-3.038225,35.01837,-2.934868,35.511649,1,1,55529.25764566377
AN16-14_D1,AN16-160_D2,6,-3.038225,35.01837,-3.29372,35.03663,1,1,23403.69742268167
AN16-14_D1,AN16-132_T,9,-3.038225,35.01837,-3.189766,35.243246,1,1,28516.482673807972
AN16-14_D1,AN17-20_S,10,-3.038225,35.01837,-2.56527,35.18269,1,1,46817.3391754289
AN16-14_D1,AN17-38_T1,0,-3.038225,35.01837,-3.28117,35.00691,1,1,22211.00528068222
AN16-14_D1,AN16-86-1_T,2,-3.038225,35.01837,-2.52621,35.25493,1,1,53537.03346124302
AN16-14_D1,AN16-155_B,7,-3.038225,35.01837,-3.29364,35.03649,1,1,23395.10432430792
AN16-14_D1,AN17-01-A_S,4,-3.038225,35.01837,-3.096573,35.149872,1,1,15529.179361555529
AN16-14_D1,AN16-110_D1,24,-3.038225,35.01837,-3.110753,35.112708,1,1,12381.626648808136
AN16-80_I2,AN16-164_S2,17,-2.994935,35.095446,-3.03004,35.16133,1,1,7979.010296346956
AN16-80_I2,AN16-23_D2,15,-2.994935,35.095446,-3.038225,35.01837,1,1,9418.816527868757
AN16-80_I2,AN16-128_B,12,-2.994935,35.095446,-2.99792,35.084373,1,1,1258.2579138970311
AN16-80_I2,AN16-135_T2,16,-2.994935,35.095446,-3.06807,35.04067,1,1,9023.815292426081
AN16-80_I2,AN16-122_S,19,-2.994935,35.095446,-2.934868,35.511649,1,1,46498.15941939925
AN16-80_I2,AN16-80_D,0,-2.994935,35.095446,-2.994935,35.095446,1,1,0
AN16-80_I2,AN16-06_B,12,-2.994935,35.095446,-3.067391,35.229781,1,1,16300.122561563418
AN16-80_I2,AN16-14_S2,15,-2.994935,35.095446,-3.038225,35.01837,1,1,9418.816527868757
AN16-80_I2,AN16-110_D2,33,-2.994935,35.095446,-3.110753,35.112708,1,1,10731.666259312213
AN16-80_I2,AN17-01-A_T,13,-2.994935,35.095446,-3.096573,35.149872,1,1,11058.485973128474
AN16-80_I2,AN16-165_S,19,-2.994935,35.095446,-2.55268,35.11628,1,1,40386.74556266508
AN16-80_I2,AN16-23_D3,33,-2.994935,35.095446,-3.038225,35.01837,1,1,9418.816527868757
AN16-80_I2,AN17-18_I,18,-2.994935,35.095446,-2.65342,35.11702,1,1,31227.77681568494
AN16-80_I2,AN16-135_S,19,-2.994935,35.095446,-3.06807,35.04067,1,1,9023.815292426081
AN16-80_I2,AN16-23_B,15,-2.994935,35.095446,-3.038225,35.01837,1,1,9418.816527868757
AN16-80_I2,LNA-2_T1,0,-2.994935,35.095446,-3.05212,35.11393,1,1,5602.448016959943
AN16-80_I2,AN16-164_S3,15,-2.994935,35.095446,-3.03004,35.16133,1,1,7979.010296346956
AN16-80_I2,AN16-122_T2,33,-2.994935,35.095446,-2.934868,35.511649,1,1,46498.15941939925
AN16-80_I2,AN16-132_I,18,-2.994935,35.095446,-3.189766,35.243246,1,1,24164.13159348657
AN16-80_I2,AN16-14_S1,34,-2.994935,35.095446,-3.038225,35.01837,1,1,9418.816527868757
AN16-80_I2,AN16-24_D,34,-2.994935,35.095446,-3.09357,35.06333,1,1,9675.440070742172
AN16-80_I2,AN16-135_T1,16,-2.994935,35.095446,-3.06807,35.04067,1,1,9023.815292426081
AN16-80_I2,AN16-23_D1,15,-2.994935,35.095446,-3.038225,35.01837,1,1,9418.816527868757
AN16-80_I2,AN16-175_T,19,-2.994935,35.095446,-3.14563,35.20358,1,1,18233.994800036267
AN16-80_I2,AN16-80_I1,34,-2.994935,35.095446,-2.994935,35.095446,1,1,0
AN16-80_I2,AN16-14_D2,15,-2.994935,35.095446,-3.038225,35.01837,1,1,9418.816527868757
AN16-80_I2,AN16-88_D,18,-2.994935,35.095446,-2.994935,35.095446,1,1,0
AN16-80_I2,AN16-164_S1,17,-2.994935,35.095446,-3.03004,35.16133,1,1,7979.010296346956
AN16-80_I2,AN16-24_T,34,-2.994935,35.095446,-3.09357,35.06333,1,1,9675.440070742172
AN16-80_I2,AN16-135_I,16,-2.994935,35.095446,-3.06807,35.04067,1,1,9023.815292426081
AN16-80_I2,AN16-155_S,16,-2.994935,35.095446,-3.29364,35.03649,1,1,28020.391426202237
AN16-80_I2,AN17-01-A_B,19,-2.994935,35.095446,-3.096573,35.149872,1,1,11058.485973128474
AN16-80_I2,AN17-18_S,17,-2.994935,35.095446,-2.65342,35.11702,1,1,31227.77681568494
AN16-80_I2,LNA-2_T2,0,-2.994935,35.095446,-3.05212,35.11393,1,1,5602.448016959943
AN16-80_I2,AN16-109_D1,18,-2.994935,35.095446,-3.01212,35.49434,1,1,44283.28478542071
AN16-80_I2,AN16-122_T1,20,-2.994935,35.095446,-2.934868,35.511649,1,1,46498.15941939925
AN16-80_I2,AN16-160_D2,15,-2.994935,35.095446,-3.29372,35.03663,1,1,28023.843925610745
AN16-80_I2,AN16-132_T,15,-2.994935,35.095446,-3.189766,35.243246,1,1,24164.13159348657
AN16-80_I2,AN17-20_S,19,-2.994935,35.095446,-2.56527,35.18269,1,1,40335.36304470921
AN16-80_I2,AN17-38_T1,15,-2.994935,35.095446,-3.28117,35.00691,1,1,27899.761373470625
AN16-80_I2,AN16-86-1_T,17,-2.994935,35.095446,-2.52621,35.25493,1,1,46218.525420946105
AN16-80_I2,AN16-155_B,16,-2.994935,35.095446,-3.29364,35.03649,1,1,28020.391426202237
AN16-80_I2,AN17-01-A_S,13,-2.994935,35.095446,-3.096573,35.149872,1,1,11058.485973128474
AN16-80_I2,AN16-110_D1,33,-2.994935,35.095446,-3.110753,35.112708,1,1,10731.666259312213
AN16-164_S2,AN16-23_D2,2,-3.03004,35.16133,-3.038225,35.01837,1,1,15877.852164180518
AN16-164_S2,AN16-128_B,5,-3.03004,35.16133,-2.99792,35.084373,1,1,9025.875203701768
AN16-164_S2,AN16-135_T2,9,-3.03004,35.16133,-3.06807,35.04067,1,1,13828.100080038488
AN16-164_S2,AN16-122_S,13,-3.03004,35.16133,-2.934868,35.511649,1,1,39818.17907440158
AN16-164_S2,AN16-80_D,17,-3.03004,35.16133,-2.994935,35.095446,1,1,7979.010296346956
AN16-164_S2,AN16-06_B,5,-3.03004,35.16133,-3.067391,35.229781,1,1,8321.247081428946
AN16-164_S2,AN16-14_S2,2,-3.03004,35.16133,-3.038225,35.01837,1,1,15877.852164180518
AN16-164_S2,AN16-110_D2,26,-3.03004,35.16133,-3.110753,35.112708,1,1,9121.762392183618
AN16-164_S2,AN17-01-A_T,6,-3.03004,35.16133,-3.096573,35.149872,1,1,6194.001437590199
AN16-164_S2,AN16-165_S,12,-3.03004,35.16133,-2.55268,35.11628,1,1,43789.71996219895
AN16-164_S2,AN16-23_D3,26,-3.03004,35.16133,-3.038225,35.01837,1,1,15877.852164180518
AN16-164_S2,AN17-18_I,5,-3.03004,35.16133,-2.65342,35.11702,1,1,34672.86721209014
AN16-164_S2,AN16-135_S,12,-3.03004,35.16133,-3.06807,35.04067,1,1,13828.100080038488
AN16-164_S2,AN16-23_B,2,-3.03004,35.16133,-3.038225,35.01837,1,1,15877.852164180518
AN16-164_S2,LNA-2_T1,17,-3.03004,35.16133,-3.05212,35.11393,1,1,5630.555280178726
AN16-164_S2,AN16-164_S3,8,-3.03004,35.16133,-3.03004,35.16133,1,1,0
AN16-164_S2,AN16-122_T2,26,-3.03004,35.16133,-2.934868,35.511649,1,1,39818.17907440158
AN16-164_S2,AN16-132_I,10,-3.03004,35.16133,-3.189766,35.243246,1,1,17150.92200627325
AN16-164_S2,AN16-14_S1,27,-3.03004,35.16133,-3.038225,35.01837,1,1,15877.852164180518
AN16-164_S2,AN16-24_D,27,-3.03004,35.16133,-3.09357,35.06333,1,1,12318.734529016832
AN16-164_S2,AN16-135_T1,9,-3.03004,35.16133,-3.06807,35.04067,1,1,13828.100080038488
AN16-164_S2,AN16-23_D1,2,-3.03004,35.16133,-3.038225,35.01837,1,1,15877.852164180518
AN16-164_S2,AN16-175_T,12,-3.03004,35.16133,-3.14563,35.20358,1,1,11524.813049728908
AN16-164_S2,AN16-80_I1,27,-3.03004,35.16133,-2.994935,35.095446,1,1,7979.010296346956
AN16-164_S2,AN16-14_D2,2,-3.03004,35.16133,-3.038225,35.01837,1,1,15877.852164180518
AN16-164_S2,AN16-88_D,10,-3.03004,35.16133,-2.994935,35.095446,1,1,7979.010296346956
AN16-164_S2,AN16-164_S1,10,-3.03004,35.16133,-3.03004,35.16133,1,1,0
AN16-164_S2,AN16-24_T,27,-3.03004,35.16133,-3.09357,35.06333,1,1,12318.734529016832
AN16-164_S2,AN16-135_I,9,-3.03004,35.16133,-3.06807,35.04067,1,1,13828.100080038488
AN16-164_S2,AN16-155_S,9,-3.03004,35.16133,-3.29364,35.03649,1,1,27739.564344153227
AN16-164_S2,AN17-01-A_B,12,-3.03004,35.16133,-3.096573,35.149872,1,1,6194.001437590199
AN16-164_S2,AN17-18_S,4,-3.03004,35.16133,-2.65342,35.11702,1,1,34672.86721209014
AN16-164_S2,LNA-2_T2,17,-3.03004,35.16133,-3.05212,35.11393,1,1,5630.555280178726
AN16-164_S2,AN16-109_D1,11,-3.03004,35.16133,-3.01212,35.49434,1,1,36982.23341214742
AN16-164_S2,AN16-122_T1,13,-3.03004,35.16133,-2.934868,35.511649,1,1,39818.17907440158
AN16-164_S2,AN16-160_D2,8,-3.03004,35.16133,-3.29372,35.03663,1,1,27738.11698297993
AN16-164_S2,AN16-132_T,10,-3.03004,35.16133,-3.189766,35.243246,1,1,17150.92200627325
AN16-164_S2,AN17-20_S,12,-3.03004,35.16133,-2.56527,35.18269,1,1,42405.251785991575
AN16-164_S2,AN17-38_T1,2,-3.03004,35.16133,-3.28117,35.00691,1,1,28600.381937544655
AN16-164_S2,AN16-86-1_T,0,-3.03004,35.16133,-2.52621,35.25493,1,1,47037.484285847975
AN16-164_S2,AN16-155_B,9,-3.03004,35.16133,-3.29364,35.03649,1,1,27739.564344153227
AN16-164_S2,AN17-01-A_S,6,-3.03004,35.16133,-3.096573,35.149872,1,1,6194.001437590199
AN16-164_S2,AN16-110_D1,26,-3.03004,35.16133,-3.110753,35.112708,1,1,9121.762392183618
AN16-23_D2,AN16-128_B,3,-3.038225,35.01837,-2.99792,35.084373,1,1,8193.865917060037
AN16-23_D2,AN16-135_T2,7,-3.038225,35.01837,-3.06807,35.04067,1,1,3679.4229659064436
AN16-23_D2,AN16-122_S,11,-3.038225,35.01837,-2.934868,35.511649,1,1,55529.25764566377
AN16-23_D2,AN16-80_D,15,-3.038225,35.01837,-2.994935,35.095446,1,1,9418.816527868757
AN16-23_D2,AN16-06_B,3,-3.038225,35.01837,-3.067391,35.229781,1,1,23604.722100546252
AN16-23_D2,AN16-14_S2,0,-3.038225,35.01837,-3.038225,35.01837,1,1,0
AN16-23_D2,AN16-110_D2,24,-3.038225,35.01837,-3.110753,35.112708,1,1,12381.626648808136
AN16-23_D2,AN17-01-A_T,4,-3.038225,35.01837,-3.096573,35.149872,1,1,15529.179361555529
AN16-23_D2,AN16-165_S,10,-3.038225,35.01837,-2.55268,35.11628,1,1,45600.74071599101
AN16-23_D2,AN16-23_D3,24,-3.038225,35.01837,-3.038225,35.01837,1,1,0
AN16-23_D2,AN17-18_I,3,-3.038225,35.01837,-2.65342,35.11702,1,1,36765.89313018031
AN16-23_D2,AN16-135_S,10,-3.038225,35.01837,-3.06807,35.04067,1,1,3679.4229659064436
AN16-23_D2,AN16-23_B,0,-3.038225,35.01837,-3.038225,35.01837,1,1,0
AN16-23_D2,LNA-2_T1,15,-3.038225,35.01837,-3.05212,35.11393,1,1,10677.089146934728
AN16-23_D2,AN16-164_S3,6,-3.038225,35.01837,-3.03004,35.16133,1,1,15877.852164180518
AN16-23_D2,AN16-122_T2,24,-3.038225,35.01837,-2.934868,35.511649,1,1,55529.25764566377
AN16-23_D2,AN16-132_I,9,-3.038225,35.01837,-3.189766,35.243246,1,1,28516.482673807972
AN16-23_D2,AN16-14_S1,25,-3.038225,35.01837,-3.038225,35.01837,1,1,0
AN16-23_D2,AN16-24_D,25,-3.038225,35.01837,-3.09357,35.06333,1,1,7097.8982443717105
AN16-23_D2,AN16-135_T1,7,-3.038225,35.01837,-3.06807,35.04067,1,1,3679.4229659064436
AN16-23_D2,AN16-23_D1,0,-3.038225,35.01837,-3.038225,35.01837,1,1,0
AN16-23_D2,AN16-175_T,10,-3.038225,35.01837,-3.14563,35.20358,1,1,22761.40166050897
AN16-23_D2,AN16-80_I1,25,-3.038225,35.01837,-2.994935,35.095446,1,1,9418.816527868757
AN16-23_D2,AN16-14_D2,0,-3.038225,35.01837,-3.038225,35.01837,1,1,0
AN16-23_D2,AN16-88_D,9,-3.038225,35.01837,-2.994935,35.095446,1,1,9418.816527868757
AN16-23_D2,AN16-164_S1,8,-3.038225,35.01837,-3.03004,35.16133,1,1,15877.852164180518
AN16-23_D2,AN16-24_T,25,-3.038225,35.01837,-3.09357,35.06333,1,1,7097.8982443717105
AN16-23_D2,AN16-135_I,7,-3.038225,35.01837,-3.06807,35.04067,1,1,3679.4229659064436
AN16-23_D2,AN16-155_S,7,-3.038225,35.01837,-3.29364,35.03649,1,1,23395.10432430792
AN16-23_D2,AN17-01-A_B,10,-3.038225,35.01837,-3.096573,35.149872,1,1,15529.179361555529
AN16-23_D2,AN17-18_S,2,-3.038225,35.01837,-2.65342,35.11702,1,1,36765.89313018031
AN16-23_D2,LNA-2_T2,15,-3.038225,35.01837,-3.05212,35.11393,1,1,10677.089146934728
AN16-23_D2,AN16-109_D1,9,-3.038225,35.01837,-3.01212,35.49434,1,1,52860.032725214354
AN16-23_D2,AN16-122_T1,11,-3.038225,35.01837,-2.934868,35.511649,1,1,55529.25764566377
AN16-23_D2,AN16-160_D2,6,-3.038225,35.01837,-3.29372,35.03663,1,1,23403.69742268167
AN16-23_D2,AN16-132_T,9,-3.038225,35.01837,-3.189766,35.243246,1,1,28516.482673807972
AN16-23_D2,AN17-20_S,10,-3.038225,35.01837,-2.56527,35.18269,1,1,46817.3391754289
AN16-23_D2,AN17-38_T1,0,-3.038225,35.01837,-3.28117,35.00691,1,1,22211.00528068222
AN16-23_D2,AN16-86-1_T,2,-3.038225,35.01837,-2.52621,35.25493,1,1,53537.03346124302
AN16-23_D2,AN16-155_B,7,-3.038225,35.01837,-3.29364,35.03649,1,1,23395.10432430792
AN16-23_D2,AN17-01-A_S,4,-3.038225,35.01837,-3.096573,35.149872,1,1,15529.179361555529
AN16-23_D2,AN16-110_D1,24,-3.038225,35.01837,-3.110753,35.112708,1,1,12381.626648808136
AN16-128_B,AN16-135_T2,0,-2.99792,35.084373,-3.06807,35.04067,1,1,8028.38007330724
AN16-128_B,AN16-122_S,8,-2.99792,35.084373,-2.934868,35.511649,1,1,47750.221967791
AN16-128_B,AN16-80_D,12,-2.99792,35.084373,-2.994935,35.095446,1,1,1258.2579138970311
AN16-128_B,AN16-06_B,0,-2.99792,35.084373,-3.067391,35.229781,1,1,17329.427704015958
AN16-128_B,AN16-14_S2,3,-2.99792,35.084373,-3.038225,35.01837,1,1,8193.865917060037
AN16-128_B,AN16-110_D2,21,-2.99792,35.084373,-3.110753,35.112708,1,1,10757.504845667267
AN16-128_B,AN17-01-A_T,1,-2.99792,35.084373,-3.096573,35.149872,1,1,11561.922274950379
AN16-128_B,AN16-165_S,7,-2.99792,35.084373,-2.55268,35.11628,1,1,40749.47834442297
AN16-128_B,AN16-23_D3,21,-2.99792,35.084373,-3.038225,35.01837,1,1,8193.865917060037
AN16-128_B,AN17-18_I,6,-2.99792,35.084373,-2.65342,35.11702,1,1,31618.3171903051
AN16-128_B,AN16-135_S,7,-2.99792,35.084373,-3.06807,35.04067,1,1,8028.38007330724
AN16-128_B,AN16-23_B,3,-2.99792,35.084373,-3.038225,35.01837,1,1,8193.865917060037
AN16-128_B,LNA-2_T1,12,-2.99792,35.084373,-3.05212,35.11393,1,1,5930.806518863402
AN16-128_B,AN16-164_S3,3,-2.99792,35.084373,-3.03004,35.16133,1,1,9025.875203701768
AN16-128_B,AN16-122_T2,21,-2.99792,35.084373,-2.934868,35.511649,1,1,47750.221967791
AN16-128_B,AN16-132_I,6,-2.99792,35.084373,-3.189766,35.243246,1,1,24822.650744929797
AN16-128_B,AN16-14_S1,22,-2.99792,35.084373,-3.038225,35.01837,1,1,8193.865917060037
AN16-128_B,AN16-24_D,22,-2.99792,35.084373,-3.09357,35.06333,1,1,9030.828897306323
AN16-128_B,AN16-135_T1,0,-2.99792,35.084373,-3.06807,35.04067,1,1,8028.38007330724
AN16-128_B,AN16-23_D1,3,-2.99792,35.084373,-3.038225,35.01837,1,1,8193.865917060037
AN16-128_B,AN16-175_T,7,-2.99792,35.084373,-3.14563,35.20358,1,1,18870.383069373762
AN16-128_B,AN16-80_I1,22,-2.99792,35.084373,-2.994935,35.095446,1,1,1258.2579138970311
AN16-128_B,AN16-14_D2,3,-2.99792,35.084373,-3.038225,35.01837,1,1,8193.865917060037
AN16-128_B,AN16-88_D,6,-2.99792,35.084373,-2.994935,35.095446,1,1,1258.2579138970311
AN16-128_B,AN16-164_S1,5,-2.99792,35.084373,-3.03004,35.16133,1,1,9025.875203701768
AN16-128_B,AN16-24_T,22,-2.99792,35.084373,-3.09357,35.06333,1,1,9030.828897306323
AN16-128_B,AN16-135_I,0,-2.99792,35.084373,-3.06807,35.04067,1,1,8028.38007330724
AN16-128_B,AN16-155_S,0,-2.99792,35.084373,-3.29364,35.03649,1,1,27493.94272689366
AN16-128_B,AN17-01-A_B,7,-2.99792,35.084373,-3.096573,35.149872,1,1,11561.922274950379
AN16-128_B,AN17-18_S,5,-2.99792,35.084373,-2.65342,35.11702,1,1,31618.3171903051
AN16-128_B,LNA-2_T2,12,-2.99792,35.084373,-3.05212,35.11393,1,1,5930.806518863402
AN16-128_B,AN16-109_D1,6,-2.99792,35.084373,-3.01212,35.49434,1,1,45502.48927385113
AN16-128_B,AN16-122_T1,8,-2.99792,35.084373,-2.934868,35.511649,1,1,47750.221967791
AN16-128_B,AN16-160_D2,3,-2.99792,35.084373,-3.29372,35.03663,1,1,27498.084377707637
AN16-128_B,AN16-132_T,6,-2.99792,35.084373,-3.189766,35.243246,1,1,24822.650744929797
AN16-128_B,AN17-20_S,0,-2.99792,35.084373,-2.56527,35.18269,1,1,40912.34163494985
AN16-128_B,AN17-38_T1,3,-2.99792,35.084373,-3.28117,35.00691,1,1,27234.439534938596
AN16-128_B,AN16-86-1_T,5,-2.99792,35.084373,-2.52621,35.25493,1,1,46953.991505399645
AN16-128_B,AN16-155_B,0,-2.99792,35.084373,-3.29364,35.03649,1,1,27493.94272689366
AN16-128_B,AN17-01-A_S,1,-2.99792,35.084373,-3.096573,35.149872,1,1,11561.922274950379
AN16-128_B,AN16-110_D1,21,-2.99792,35.084373,-3.110753,35.112708,1,1,10757.504845667267
AN16-135_T2,AN16-122_S,12,-3.06807,35.04067,-2.934868,35.511649,1,1,53639.96293347804
AN16-135_T2,AN16-80_D,16,-3.06807,35.04067,-2.994935,35.095446,1,1,9023.815292426081
AN16-135_T2,AN16-06_B,4,-3.06807,35.04067,-3.067391,35.229781,1,1,20980.642983230093
AN16-135_T2,AN16-14_S2,7,-3.06807,35.04067,-3.038225,35.01837,1,1,3679.4229659064436
AN16-135_T2,AN16-110_D2,25,-3.06807,35.04067,-3.110753,35.112708,1,1,8889.69475682893
AN16-135_T2,AN17-01-A_T,5,-3.06807,35.04067,-3.096573,35.149872,1,1,12390.756110707362
AN16-135_T2,AN16-165_S,11,-3.06807,35.04067,-2.55268,35.11628,1,1,47746.609480622785
AN16-135_T2,AN16-23_D3,25,-3.06807,35.04067,-3.038225,35.01837,1,1,3679.4229659064436
AN16-135_T2,AN17-18_I,10,-3.06807,35.04067,-2.65342,35.11702,1,1,38753.291706922726
AN16-135_T2,AN16-135_S,11,-3.06807,35.04067,-3.06807,35.04067,1,1,0
AN16-135_T2,AN16-23_B,7,-3.06807,35.04067,-3.038225,35.01837,1,1,3679.4229659064436
AN16-135_T2,LNA-2_T1,16,-3.06807,35.04067,-3.05212,35.11393,1,1,8256.76261049813
AN16-135_T2,AN16-164_S3,7,-3.06807,35.04067,-3.03004,35.16133,1,1,13828.100080038488
AN16-135_T2,AN16-122_T2,25,-3.06807,35.04067,-2.934868,35.511649,1,1,53639.96293347804
AN16-135_T2,AN16-132_I,10,-3.06807,35.04067,-3.189766,35.243246,1,1,25061.756415137
AN16-135_T2,AN16-14_S1,26,-3.06807,35.04067,-3.038225,35.01837,1,1,3679.4229659064436
AN16-135_T2,AN16-24_D,26,-3.06807,35.04067,-3.09357,35.06333,1,1,3425.1844122672105
AN16-135_T2,AN16-135_T1,0,-3.06807,35.04067,-3.06807,35.04067,1,1,0
AN16-135_T2,AN16-23_D1,7,-3.06807,35.04067,-3.038225,35.01837,1,1,3679.4229659064436
AN16-135_T2,AN16-175_T,11,-3.06807,35.04067,-3.14563,35.20358,1,1,19407.215901246032
AN16-135_T2,AN16-80_I1,26,-3.06807,35.04067,-2.994935,35.095446,1,1,9023.815292426081
AN16-135_T2,AN16-14_D2,7,-3.06807,35.04067,-3.038225,35.01837,1,1,3679.4229659064436
AN16-135_T2,AN16-88_D,10,-3.06807,35.04067,-2.994935,35.095446,1,1,9023.815292426081
AN16-135_T2,AN16-164_S1,9,-3.06807,35.04067,-3.03004,35.16133,1,1,13828.100080038488
AN16-135_T2,AN16-24_T,26,-3.06807,35.04067,-3.09357,35.06333,1,1,3425.1844122672105
AN16-135_T2,AN16-135_I,0,-3.06807,35.04067,-3.06807,35.04067,1,1,0
AN16-135_T2,AN16-155_S,0,-3.06807,35.04067,-3.29364,35.03649,1,1,20587.421845205903
AN16-135_T2,AN17-01-A_B,11,-3.06807,35.04067,-3.096573,35.149872,1,1,12390.756110707362
AN16-135_T2,AN17-18_S,9,-3.06807,35.04067,-2.65342,35.11702,1,1,38753.291706922726
AN16-135_T2,LNA-2_T2,16,-3.06807,35.04067,-3.05212,35.11393,1,1,8256.76261049813
AN16-135_T2,AN16-109_D1,10,-3.06807,35.04067,-3.01212,35.49434,1,1,50589.4382041971
AN16-135_T2,AN16-122_T1,12,-3.06807,35.04067,-2.934868,35.511649,1,1,53639.96293347804
AN16-135_T2,AN16-160_D2,7,-3.06807,35.04067,-3.29372,35.03663,1,1,20594.35818107895
AN16-135_T2,AN16-132_T,10,-3.06807,35.04067,-3.189766,35.243246,1,1,25061.756415137
AN16-135_T2,AN17-20_S,11,-3.06807,35.04067,-2.56527,35.18269,1,1,48469.57086946169
AN16-135_T2,AN17-38_T1,7,-3.06807,35.04067,-3.28117,35.00691,1,1,19805.23997550561
AN16-135_T2,AN16-86-1_T,9,-3.06807,35.04067,-2.52621,35.25493,1,1,54800.111913961046
AN16-135_T2,AN16-155_B,0,-3.06807,35.04067,-3.29364,35.03649,1,1,20587.421845205903
AN16-135_T2,AN17-01-A_S,5,-3.06807,35.04067,-3.096573,35.149872,1,1,12390.756110707362
AN16-135_T2,AN16-110_D1,25,-3.06807,35.04067,-3.110753,35.112708,1,1,8889.69475682893
AN16-122_S,AN16-80_D,19,-2.934868,35.511649,-2.994935,35.095446,1,1,46498.15941939925
AN16-122_S,AN16-06_B,8,-2.934868,35.511649,-3.067391,35.229781,1,1,33511.23014596117
AN16-122_S,AN16-14_S2,11,-2.934868,35.511649,-3.038225,35.01837,1,1,55529.25764566377
AN16-122_S,AN16-110_D2,29,-2.934868,35.511649,-3.110753,35.112708,1,1,47062.47030405058
AN16-122_S,AN17-01-A_T,9,-2.934868,35.511649,-3.096573,35.149872,1,1,42745.814475433894
AN16-122_S,AN16-165_S,15,-2.934868,35.511649,-2.55268,35.11628,1,1,55964.66420381096
AN16-122_S,AN16-23_D3,29,-2.934868,35.511649,-3.038225,35.01837,1,1,55529.25764566377
AN16-122_S,AN17-18_I,14,-2.934868,35.511649,-2.65342,35.11702,1,1,50714.66988701531
AN16-122_S,AN16-135_S,15,-2.934868,35.511649,-3.06807,35.04067,1,1,53639.96293347804
AN16-122_S,AN16-23_B,11,-2.934868,35.511649,-3.038225,35.01837,1,1,55529.25764566377
AN16-122_S,LNA-2_T1,19,-2.934868,35.511649,-3.05212,35.11393,1,1,45395.49279412966
AN16-122_S,AN16-164_S3,11,-2.934868,35.511649,-3.03004,35.16133,1,1,39818.17907440158
AN16-122_S,AN16-122_T2,29,-2.934868,35.511649,-2.934868,35.511649,1,1,0
AN16-122_S,AN16-132_I,14,-2.934868,35.511649,-3.189766,35.243246,1,1,37725.77984075429
AN16-122_S,AN16-14_S1,30,-2.934868,35.511649,-3.038225,35.01837,1,1,55529.25764566377
AN16-122_S,AN16-24_D,30,-2.934868,35.511649,-3.09357,35.06333,1,1,51791.87856342141
AN16-122_S,AN16-135_T1,12,-2.934868,35.511649,-3.06807,35.04067,1,1,53639.96293347804
AN16-122_S,AN16-23_D1,10,-2.934868,35.511649,-3.038225,35.01837,1,1,55529.25764566377
AN16-122_S,AN16-175_T,9,-2.934868,35.511649,-3.14563,35.20358,1,1,39181.365078980394
AN16-122_S,AN16-80_I1,30,-2.934868,35.511649,-2.994935,35.095446,1,1,46498.15941939925
AN16-122_S,AN16-14_D2,11,-2.934868,35.511649,-3.038225,35.01837,1,1,55529.25764566377
AN16-122_S,AN16-88_D,14,-2.934868,35.511649,-2.994935,35.095446,1,1,46498.15941939925
AN16-122_S,AN16-164_S1,13,-2.934868,35.511649,-3.03004,35.16133,1,1,39818.17907440158
AN16-122_S,AN16-24_T,30,-2.934868,35.511649,-3.09357,35.06333,1,1,51791.87856342141
AN16-122_S,AN16-135_I,12,-2.934868,35.511649,-3.06807,35.04067,1,1,53639.96293347804
AN16-122_S,AN16-155_S,12,-2.934868,35.511649,-3.29364,35.03649,1,1,62004.42634204876
AN16-122_S,AN17-01-A_B,15,-2.934868,35.511649,-3.096573,35.149872,1,1,42745.814475433894
AN16-122_S,AN17-18_S,13,-2.934868,35.511649,-2.65342,35.11702,1,1,50714.66988701531
AN16-122_S,LNA-2_T2,19,-2.934868,35.511649,-3.05212,35.11393,1,1,45395.49279412966
AN16-122_S,AN16-109_D1,14,-2.934868,35.511649,-3.01212,35.49434,1,1,7267.108183912801
AN16-122_S,AN16-122_T1,0,-2.934868,35.511649,-2.934868,35.511649,1,1,0
AN16-122_S,AN16-160_D2,11,-2.934868,35.511649,-3.29372,35.03663,1,1,61995.03975698719
AN16-122_S,AN16-132_T,14,-2.934868,35.511649,-3.189766,35.243246,1,1,37725.77984075429
AN16-122_S,AN17-20_S,15,-2.934868,35.511649,-2.56527,35.18269,1,1,49606.11495885377
AN16-122_S,AN17-38_T1,11,-2.934868,35.511649,-3.28117,35.00691,1,1,64256.451475378664
AN16-122_S,AN16-86-1_T,13,-2.934868,35.511649,-2.52621,35.25493,1,1,46796.76108630644
AN16-122_S,AN16-155_B,12,-2.934868,35.511649,-3.29364,35.03649,1,1,62004.42634204876
AN16-122_S,AN17-01-A_S,9,-2.934868,35.511649,-3.096573,35.149872,1,1,42745.814475433894
AN16-122_S,AN16-110_D1,29,-2.934868,35.511649,-3.110753,35.112708,1,1,47062.47030405058
AN16-80_D,AN16-06_B,12,-2.994935,35.095446,-3.067391,35.229781,1,1,16300.122561563418
AN16-80_D,AN16-14_S2,15,-2.994935,35.095446,-3.038225,35.01837,1,1,9418.816527868757
AN16-80_D,AN16-110_D2,33,-2.994935,35.095446,-3.110753,35.112708,1,1,10731.666259312213
AN16-80_D,AN17-01-A_T,13,-2.994935,35.095446,-3.096573,35.149872,1,1,11058.485973128474
AN16-80_D,AN16-165_S,19,-2.994935,35.095446,-2.55268,35.11628,1,1,40386.74556266508
AN16-80_D,AN16-23_D3,33,-2.994935,35.095446,-3.038225,35.01837,1,1,9418.816527868757
AN16-80_D,AN17-18_I,18,-2.994935,35.095446,-2.65342,35.11702,1,1,31227.77681568494
AN16-80_D,AN16-135_S,19,-2.994935,35.095446,-3.06807,35.04067,1,1,9023.815292426081
AN16-80_D,AN16-23_B,15,-2.994935,35.095446,-3.038225,35.01837,1,1,9418.816527868757
AN16-80_D,LNA-2_T1,0,-2.994935,35.095446,-3.05212,35.11393,1,1,5602.448016959943
AN16-80_D,AN16-164_S3,15,-2.994935,35.095446,-3.03004,35.16133,1,1,7979.010296346956
AN16-80_D,AN16-122_T2,33,-2.994935,35.095446,-2.934868,35.511649,1,1,46498.15941939925
AN16-80_D,AN16-132_I,18,-2.994935,35.095446,-3.189766,35.243246,1,1,24164.13159348657
AN16-80_D,AN16-14_S1,34,-2.994935,35.095446,-3.038225,35.01837,1,1,9418.816527868757
AN16-80_D,AN16-24_D,34,-2.994935,35.095446,-3.09357,35.06333,1,1,9675.440070742172
AN16-80_D,AN16-135_T1,16,-2.994935,35.095446,-3.06807,35.04067,1,1,9023.815292426081
AN16-80_D,AN16-23_D1,15,-2.994935,35.095446,-3.038225,35.01837,1,1,9418.816527868757
AN16-80_D,AN16-175_T,19,-2.994935,35.095446,-3.14563,35.20358,1,1,18233.994800036267
AN16-80_D,AN16-80_I1,34,-2.994935,35.095446,-2.994935,35.095446,1,1,0
AN16-80_D,AN16-14_D2,15,-2.994935,35.095446,-3.038225,35.01837,1,1,9418.816527868757
AN16-80_D,AN16-88_D,18,-2.994935,35.095446,-2.994935,35.095446,1,1,0
AN16-80_D,AN16-164_S1,17,-2.994935,35.095446,-3.03004,35.16133,1,1,7979.010296346956
AN16-80_D,AN16-24_T,34,-2.994935,35.095446,-3.09357,35.06333,1,1,9675.440070742172
AN16-80_D,AN16-135_I,16,-2.994935,35.095446,-3.06807,35.04067,1,1,9023.815292426081
AN16-80_D,AN16-155_S,16,-2.994935,35.095446,-3.29364,35.03649,1,1,28020.391426202237
AN16-80_D,AN17-01-A_B,19,-2.994935,35.095446,-3.096573,35.149872,1,1,11058.485973128474
AN16-80_D,AN17-18_S,17,-2.994935,35.095446,-2.65342,35.11702,1,1,31227.77681568494
AN16-80_D,LNA-2_T2,0,-2.994935,35.095446,-3.05212,35.11393,1,1,5602.448016959943
AN16-80_D,AN16-109_D1,18,-2.994935,35.095446,-3.01212,35.49434,1,1,44283.28478542071
AN16-80_D,AN16-122_T1,20,-2.994935,35.095446,-2.934868,35.511649,1,1,46498.15941939925
AN16-80_D,AN16-160_D2,15,-2.994935,35.095446,-3.29372,35.03663,1,1,28023.843925610745
AN16-80_D,AN16-132_T,15,-2.994935,35.095446,-3.189766,35.243246,1,1,24164.13159348657
AN16-80_D,AN17-20_S,19,-2.994935,35.095446,-2.56527,35.18269,1,1,40335.36304470921
AN16-80_D,AN17-38_T1,15,-2.994935,35.095446,-3.28117,35.00691,1,1,27899.761373470625
AN16-80_D,AN16-86-1_T,17,-2.994935,35.095446,-2.52621,35.25493,1,1,46218.525420946105
AN16-80_D,AN16-155_B,16,-2.994935,35.095446,-3.29364,35.03649,1,1,28020.391426202237
AN16-80_D,AN17-01-A_S,13,-2.994935,35.095446,-3.096573,35.149872,1,1,11058.485973128474
AN16-80_D,AN16-110_D1,33,-2.994935,35.095446,-3.110753,35.112708,1,1,10731.666259312213
AN16-06_B,AN16-14_S2,3,-3.067391,35.229781,-3.038225,35.01837,1,1,23604.722100546252
AN16-06_B,AN16-110_D2,21,-3.067391,35.229781,-3.110753,35.112708,1,1,13575.91007123406
AN16-06_B,AN17-01-A_T,1,-3.067391,35.229781,-3.096573,35.149872,1,1,9255.254935375697
AN16-06_B,AN16-165_S,7,-3.067391,35.229781,-2.55268,35.11628,1,1,48549.27981930801
AN16-06_B,AN16-23_D3,21,-3.067391,35.229781,-3.038225,35.01837,1,1,23604.722100546252
AN16-06_B,AN17-18_I,6,-3.067391,35.229781,-2.65342,35.11702,1,1,39731.6182797578
AN16-06_B,AN16-135_S,7,-3.067391,35.229781,-3.06807,35.04067,1,1,20980.642983230093
AN16-06_B,AN16-23_B,3,-3.067391,35.229781,-3.038225,35.01837,1,1,23604.722100546252
AN16-06_B,LNA-2_T1,12,-3.067391,35.229781,-3.05212,35.11393,1,1,12928.007406784522
AN16-06_B,AN16-164_S3,3,-3.067391,35.229781,-3.03004,35.16133,1,1,8321.247081428946
AN16-06_B,AN16-122_T2,21,-3.067391,35.229781,-2.934868,35.511649,1,1,33511.23014596117
AN16-06_B,AN16-132_I,6,-3.067391,35.229781,-3.189766,35.243246,1,1,11238.874519398321
AN16-06_B,AN16-14_S1,22,-3.067391,35.229781,-3.038225,35.01837,1,1,23604.722100546252
AN16-06_B,AN16-24_D,22,-3.067391,35.229781,-3.09357,35.06333,1,1,18620.06550294668
AN16-06_B,AN16-135_T1,4,-3.067391,35.229781,-3.06807,35.04067,1,1,20980.642983230093
AN16-06_B,AN16-23_D1,3,-3.067391,35.229781,-3.038225,35.01837,1,1,23604.722100546252
AN16-06_B,AN16-175_T,7,-3.067391,35.229781,-3.14563,35.20358,1,1,7693.690624325746
AN16-06_B,AN16-80_I1,22,-3.067391,35.229781,-2.994935,35.095446,1,1,16300.122561563418
AN16-06_B,AN16-14_D2,3,-3.067391,35.229781,-3.038225,35.01837,1,1,23604.722100546252
AN16-06_B,AN16-88_D,6,-3.067391,35.229781,-2.994935,35.095446,1,1,16300.122561563418
AN16-06_B,AN16-164_S1,5,-3.067391,35.229781,-3.03004,35.16133,1,1,8321.247081428946
AN16-06_B,AN16-24_T,22,-3.067391,35.229781,-3.09357,35.06333,1,1,18620.06550294668
AN16-06_B,AN16-135_I,4,-3.067391,35.229781,-3.06807,35.04067,1,1,20980.642983230093
AN16-06_B,AN16-155_S,4,-3.067391,35.229781,-3.29364,35.03649,1,1,29749.873532556583
AN16-06_B,AN17-01-A_B,7,-3.067391,35.229781,-3.096573,35.149872,1,1,9255.254935375697
AN16-06_B,AN17-18_S,5,-3.067391,35.229781,-2.65342,35.11702,1,1,39731.6182797578
AN16-06_B,LNA-2_T2,12,-3.067391,35.229781,-3.05212,35.11393,1,1,12928.007406784522
AN16-06_B,AN16-109_D1,6,-3.067391,35.229781,-3.01212,35.49434,1,1,29778.817776445456
AN16-06_B,AN16-122_T1,8,-3.067391,35.229781,-2.934868,35.511649,1,1,33511.23014596117
AN16-06_B,AN16-160_D2,3,-3.067391,35.229781,-3.29372,35.03663,1,1,29743.723716156655
AN16-06_B,AN16-132_T,6,-3.067391,35.229781,-3.189766,35.243246,1,1,11238.874519398321
AN16-06_B,AN17-20_S,7,-3.067391,35.229781,-2.56527,35.18269,1,1,46019.86969223274
AN16-06_B,AN17-38_T1,3,-3.067391,35.229781,-3.28117,35.00691,1,1,31482.165690247282
AN16-06_B,AN16-86-1_T,5,-3.067391,35.229781,-2.52621,35.25493,1,1,49336.21407449265
AN16-06_B,AN16-155_B,4,-3.067391,35.229781,-3.29364,35.03649,1,1,29749.873532556583
AN16-06_B,AN17-01-A_S,1,-3.067391,35.229781,-3.096573,35.149872,1,1,9255.254935375697
AN16-06_B,AN16-110_D1,21,-3.067391,35.229781,-3.110753,35.112708,1,1,13575.91007123406
AN16-14_S2,AN16-110_D2,24,-3.038225,35.01837,-3.110753,35.112708,1,1,12381.626648808136
AN16-14_S2,AN17-01-A_T,4,-3.038225,35.01837,-3.096573,35.149872,1,1,15529.179361555529
AN16-14_S2,AN16-165_S,10,-3.038225,35.01837,-2.55268,35.11628,1,1,45600.74071599101
AN16-14_S2,AN16-23_D3,24,-3.038225,35.01837,-3.038225,35.01837,1,1,0
AN16-14_S2,AN17-18_I,3,-3.038225,35.01837,-2.65342,35.11702,1,1,36765.89313018031
AN16-14_S2,AN16-135_S,10,-3.038225,35.01837,-3.06807,35.04067,1,1,3679.4229659064436
AN16-14_S2,AN16-23_B,0,-3.038225,35.01837,-3.038225,35.01837,1,1,0
AN16-14_S2,LNA-2_T1,15,-3.038225,35.01837,-3.05212,35.11393,1,1,10677.089146934728
AN16-14_S2,AN16-164_S3,6,-3.038225,35.01837,-3.03004,35.16133,1,1,15877.852164180518
AN16-14_S2,AN16-122_T2,24,-3.038225,35.01837,-2.934868,35.511649,1,1,55529.25764566377
AN16-14_S2,AN16-132_I,9,-3.038225,35.01837,-3.189766,35.243246,1,1,28516.482673807972
AN16-14_S2,AN16-14_S1,25,-3.038225,35.01837,-3.038225,35.01837,1,1,0
AN16-14_S2,AN16-24_D,25,-3.038225,35.01837,-3.09357,35.06333,1,1,7097.8982443717105
AN16-14_S2,AN16-135_T1,7,-3.038225,35.01837,-3.06807,35.04067,1,1,3679.4229659064436
AN16-14_S2,AN16-23_D1,0,-3.038225,35.01837,-3.038225,35.01837,1,1,0
AN16-14_S2,AN16-175_T,10,-3.038225,35.01837,-3.14563,35.20358,1,1,22761.40166050897
AN16-14_S2,AN16-80_I1,25,-3.038225,35.01837,-2.994935,35.095446,1,1,9418.816527868757
AN16-14_S2,AN16-14_D2,0,-3.038225,35.01837,-3.038225,35.01837,1,1,0
AN16-14_S2,AN16-88_D,9,-3.038225,35.01837,-2.994935,35.095446,1,1,9418.816527868757
AN16-14_S2,AN16-164_S1,8,-3.038225,35.01837,-3.03004,35.16133,1,1,15877.852164180518
AN16-14_S2,AN16-24_T,25,-3.038225,35.01837,-3.09357,35.06333,1,1,7097.8982443717105
AN16-14_S2,AN16-135_I,7,-3.038225,35.01837,-3.06807,35.04067,1,1,3679.4229659064436
AN16-14_S2,AN16-155_S,7,-3.038225,35.01837,-3.29364,35.03649,1,1,23395.10432430792
AN16-14_S2,AN17-01-A_B,10,-3.038225,35.01837,-3.096573,35.149872,1,1,15529.179361555529
AN16-14_S2,AN17-18_S,2,-3.038225,35.01837,-2.65342,35.11702,1,1,36765.89313018031
AN16-14_S2,LNA-2_T2,15,-3.038225,35.01837,-3.05212,35.11393,1,1,10677.089146934728
AN16-14_S2,AN16-109_D1,9,-3.038225,35.01837,-3.01212,35.49434,1,1,52860.032725214354
AN16-14_S2,AN16-122_T1,11,-3.038225,35.01837,-2.934868,35.511649,1,1,55529.25764566377
AN16-14_S2,AN16-160_D2,6,-3.038225,35.01837,-3.29372,35.03663,1,1,23403.69742268167
AN16-14_S2,AN16-132_T,9,-3.038225,35.01837,-3.189766,35.243246,1,1,28516.482673807972
AN16-14_S2,AN17-20_S,10,-3.038225,35.01837,-2.56527,35.18269,1,1,46817.3391754289
AN16-14_S2,AN17-38_T1,0,-3.038225,35.01837,-3.28117,35.00691,1,1,22211.00528068222
AN16-14_S2,AN16-86-1_T,2,-3.038225,35.01837,-2.52621,35.25493,1,1,53537.03346124302
AN16-14_S2,AN16-155_B,7,-3.038225,35.01837,-3.29364,35.03649,1,1,23395.10432430792
AN16-14_S2,AN17-01-A_S,4,-3.038225,35.01837,-3.096573,35.149872,1,1,15529.179361555529
AN16-14_S2,AN16-110_D1,24,-3.038225,35.01837,-3.110753,35.112708,1,1,12381.626648808136
AN16-110_D2,AN17-01-A_T,22,-3.110753,35.112708,-3.096573,35.149872,1,1,4320.89280818938
AN16-110_D2,AN16-165_S,28,-3.110753,35.112708,-2.55268,35.11628,1,1,50875.87453727749
AN16-110_D2,AN16-23_D3,0,-3.110753,35.112708,-3.038225,35.01837,1,1,12381.626648808136
AN16-110_D2,AN17-18_I,27,-3.110753,35.112708,-2.65342,35.11702,1,1,41693.375140636934
AN16-110_D2,AN16-135_S,28,-3.110753,35.112708,-3.06807,35.04067,1,1,8889.69475682893
AN16-110_D2,AN16-23_B,24,-3.110753,35.112708,-3.038225,35.01837,1,1,12381.626648808136
AN16-110_D2,LNA-2_T1,33,-3.110753,35.112708,-3.05212,35.11393,1,1,5346.828607008396
AN16-110_D2,AN16-164_S3,20,-3.110753,35.112708,-3.03004,35.16133,1,1,9121.762392183618
AN16-110_D2,AN16-122_T2,0,-3.110753,35.112708,-2.934868,35.511649,1,1,47062.47030405058
AN16-110_D2,AN16-132_I,27,-3.110753,35.112708,-3.189766,35.243246,1,1,16172.216406198768
AN16-110_D2,AN16-14_S1,7,-3.110753,35.112708,-3.038225,35.01837,1,1,12381.626648808136
AN16-110_D2,AN16-24_D,7,-3.110753,35.112708,-3.09357,35.06333,1,1,5697.794611566719
AN16-110_D2,AN16-135_T1,25,-3.110753,35.112708,-3.06807,35.04067,1,1,8889.69475682893
AN16-110_D2,AN16-23_D1,23,-3.110753,35.112708,-3.038225,35.01837,1,1,12381.626648808136
AN16-110_D2,AN16-175_T,28,-3.110753,35.112708,-3.14563,35.20358,1,1,10570.604096099123
AN16-110_D2,AN16-80_I1,7,-3.110753,35.112708,-2.994935,35.095446,1,1,10731.666259312213
AN16-110_D2,AN16-14_D2,24,-3.110753,35.112708,-3.038225,35.01837,1,1,12381.626648808136
AN16-110_D2,AN16-88_D,27,-3.110753,35.112708,-2.994935,35.095446,1,1,10731.666259312213
AN16-110_D2,AN16-164_S1,26,-3.110753,35.112708,-3.03004,35.16133,1,1,9121.762392183618
AN16-110_D2,AN16-24_T,7,-3.110753,35.112708,-3.09357,35.06333,1,1,5697.794611566719
AN16-110_D2,AN16-135_I,25,-3.110753,35.112708,-3.06807,35.04067,1,1,8889.69475682893
AN16-110_D2,AN16-155_S,25,-3.110753,35.112708,-3.29364,35.03649,1,1,18701.08979902837
AN16-110_D2,AN17-01-A_B,28,-3.110753,35.112708,-3.096573,35.149872,1,1,4320.89280818938
AN16-110_D2,AN17-18_S,26,-3.110753,35.112708,-2.65342,35.11702,1,1,41693.375140636934
AN16-110_D2,LNA-2_T2,33,-3.110753,35.112708,-3.05212,35.11393,1,1,5346.828607008396
AN16-110_D2,AN16-109_D1,27,-3.110753,35.112708,-3.01212,35.49434,1,1,43280.45925518032
AN16-110_D2,AN16-122_T1,29,-3.110753,35.112708,-2.934868,35.511649,1,1,47062.47030405058
AN16-110_D2,AN16-160_D2,24,-3.110753,35.112708,-3.29372,35.03663,1,1,18700.570167862592
AN16-110_D2,AN16-132_T,27,-3.110753,35.112708,-3.189766,35.243246,1,1,16172.216406198768
AN16-110_D2,AN17-20_S,28,-3.110753,35.112708,-2.56527,35.18269,1,1,50309.138911027825
AN16-110_D2,AN17-38_T1,24,-3.110753,35.112708,-3.28117,35.00691,1,1,19479.120623694165
AN16-110_D2,AN16-86-1_T,26,-3.110753,35.112708,-2.52621,35.25493,1,1,55530.99966695526
AN16-110_D2,AN16-155_B,25,-3.110753,35.112708,-3.29364,35.03649,1,1,18701.08979902837
AN16-110_D2,AN17-01-A_S,22,-3.110753,35.112708,-3.096573,35.149872,1,1,4320.89280818938
AN16-110_D2,AN16-110_D1,0,-3.110753,35.112708,-3.110753,35.112708,1,1,0
AN17-01-A_T,AN16-165_S,8,-3.096573,35.149872,-2.55268,35.11628,1,1,49710.310872796756
AN17-01-A_T,AN16-23_D3,22,-3.096573,35.149872,-3.038225,35.01837,1,1,15529.179361555529
AN17-01-A_T,AN17-18_I,7,-3.096573,35.149872,-2.65342,35.11702,1,1,40552.91995392804
AN17-01-A_T,AN16-135_S,8,-3.096573,35.149872,-3.06807,35.04067,1,1,12390.756110707362
AN17-01-A_T,AN16-23_B,4,-3.096573,35.149872,-3.038225,35.01837,1,1,15529.179361555529
AN17-01-A_T,LNA-2_T1,13,-3.096573,35.149872,-3.05212,35.11393,1,1,5684.627898307973
AN17-01-A_T,AN16-164_S3,4,-3.096573,35.149872,-3.03004,35.16133,1,1,6194.001437590199
AN17-01-A_T,AN16-122_T2,22,-3.096573,35.149872,-2.934868,35.511649,1,1,42745.814475433894
AN17-01-A_T,AN16-132_I,7,-3.096573,35.149872,-3.189766,35.243246,1,1,13391.962835110568
AN17-01-A_T,AN16-14_S1,23,-3.096573,35.149872,-3.038225,35.01837,1,1,15529.179361555529
AN17-01-A_T,AN16-24_D,23,-3.096573,35.149872,-3.09357,35.06333,1,1,9605.090970460535
AN17-01-A_T,AN16-135_T1,5,-3.096573,35.149872,-3.06807,35.04067,1,1,12390.756110707362
AN17-01-A_T,AN16-23_D1,4,-3.096573,35.149872,-3.038225,35.01837,1,1,15529.179361555529
AN17-01-A_T,AN16-175_T,8,-3.096573,35.149872,-3.14563,35.20358,1,1,7448.060350283998
AN17-01-A_T,AN16-80_I1,23,-3.096573,35.149872,-2.994935,35.095446,1,1,11058.485973128474
AN17-01-A_T,AN16-14_D2,4,-3.096573,35.149872,-3.038225,35.01837,1,1,15529.179361555529
AN17-01-A_T,AN16-88_D,7,-3.096573,35.149872,-2.994935,35.095446,1,1,11058.485973128474
AN17-01-A_T,AN16-164_S1,6,-3.096573,35.149872,-3.03004,35.16133,1,1,6194.001437590199
AN17-01-A_T,AN16-24_T,23,-3.096573,35.149872,-3.09357,35.06333,1,1,9605.090970460535
AN17-01-A_T,AN16-135_I,5,-3.096573,35.149872,-3.06807,35.04067,1,1,12390.756110707362
AN17-01-A_T,AN16-155_S,5,-3.096573,35.149872,-3.29364,35.03649,1,1,21934.654699428265
AN17-01-A_T,AN17-01-A_B,8,-3.096573,35.149872,-3.096573,35.149872,1,1,0
AN17-01-A_T,AN17-18_S,6,-3.096573,35.149872,-2.65342,35.11702,1,1,40552.91995392804
AN17-01-A_T,LNA-2_T2,13,-3.096573,35.149872,-3.05212,35.11393,1,1,5684.627898307973
AN17-01-A_T,AN16-109_D1,7,-3.096573,35.149872,-3.01212,35.49434,1,1,38981.385982691674
AN17-01-A_T,AN16-122_T1,9,-3.096573,35.149872,-2.934868,35.511649,1,1,42745.814475433894
AN17-01-A_T,AN16-160_D2,4,-3.096573,35.149872,-3.29372,35.03663,1,1,21931.717700444715
AN17-01-A_T,AN16-132_T,7,-3.096573,35.149872,-3.189766,35.243246,1,1,13391.962835110568
AN17-01-A_T,AN17-20_S,8,-3.096573,35.149872,-2.56527,35.18269,1,1,48540.04257336554
AN17-01-A_T,AN17-38_T1,4,-3.096573,35.149872,-3.28117,35.00691,1,1,23129.7780134199
AN17-01-A_T,AN16-86-1_T,6,-3.096573,35.149872,-2.52621,35.25493,1,1,53230.52137613547
AN17-01-A_T,AN16-155_B,5,-3.096573,35.149872,-3.29364,35.03649,1,1,21934.654699428265
AN17-01-A_T,AN17-01-A_S,0,-3.096573,35.149872,-3.096573,35.149872,1,1,0
AN17-01-A_T,AN16-110_D1,22,-3.096573,35.149872,-3.110753,35.112708,1,1,4320.89280818938
AN16-165_S,AN16-23_D3,28,-2.55268,35.11628,-3.038225,35.01837,1,1,45600.74071599101
AN16-165_S,AN17-18_I,13,-2.55268,35.11628,-2.65342,35.11702,1,1,9183.666632594399
AN16-165_S,AN16-135_S,14,-2.55268,35.11628,-3.06807,35.04067,1,1,47746.609480622785
AN16-165_S,AN16-23_B,10,-2.55268,35.11628,-3.038225,35.01837,1,1,45600.74071599101
AN16-165_S,LNA-2_T1,19,-2.55268,35.11628,-3.05212,35.11393,1,1,45529.72363262556
AN16-165_S,AN16-164_S3,10,-2.55268,35.11628,-3.03004,35.16133,1,1,43789.71996219895
AN16-165_S,AN16-122_T2,28,-2.55268,35.11628,-2.934868,35.511649,1,1,55964.66420381096
AN16-165_S,AN16-132_I,13,-2.55268,35.11628,-3.189766,35.243246,1,1,59715.9348992718
AN16-165_S,AN16-14_S1,29,-2.55268,35.11628,-3.038225,35.01837,1,1,45600.74071599101
AN16-165_S,AN16-24_D,29,-2.55268,35.11628,-3.09357,35.06333,1,1,49671.37618796243
AN16-165_S,AN16-135_T1,11,-2.55268,35.11628,-3.06807,35.04067,1,1,47746.609480622785
AN16-165_S,AN16-23_D1,10,-2.55268,35.11628,-3.038225,35.01837,1,1,45600.74071599101
AN16-165_S,AN16-175_T,14,-2.55268,35.11628,-3.14563,35.20358,1,1,54885.026995214495
AN16-165_S,AN16-80_I1,29,-2.55268,35.11628,-2.994935,35.095446,1,1,40386.74556266508
AN16-165_S,AN16-14_D2,10,-2.55268,35.11628,-3.038225,35.01837,1,1,45600.74071599101
AN16-165_S,AN16-88_D,13,-2.55268,35.11628,-2.994935,35.095446,1,1,40386.74556266508
AN16-165_S,AN16-164_S1,12,-2.55268,35.11628,-3.03004,35.16133,1,1,43789.71996219895
AN16-165_S,AN16-24_T,29,-2.55268,35.11628,-3.09357,35.06333,1,1,49671.37618796243
AN16-165_S,AN16-135_I,11,-2.55268,35.11628,-3.06807,35.04067,1,1,47746.609480622785
AN16-165_S,AN16-155_S,11,-2.55268,35.11628,-3.29364,35.03649,1,1,68155.09742026856
AN16-165_S,AN17-01-A_B,0,-2.55268,35.11628,-3.096573,35.149872,1,1,49710.310872796756
AN16-165_S,AN17-18_S,12,-2.55268,35.11628,-2.65342,35.11702,1,1,9183.666632594399
AN16-165_S,LNA-2_T2,19,-2.55268,35.11628,-3.05212,35.11393,1,1,45529.72363262556
AN16-165_S,AN16-109_D1,13,-2.55268,35.11628,-3.01212,35.49434,1,1,59205.549311975046
AN16-165_S,AN16-122_T1,15,-2.55268,35.11628,-2.934868,35.511649,1,1,55964.66420381096
AN16-165_S,AN16-160_D2,10,-2.55268,35.11628,-3.29372,35.03663,1,1,68160.25931639678
AN16-165_S,AN16-132_T,13,-2.55268,35.11628,-3.189766,35.243246,1,1,59715.9348992718
AN16-165_S,AN17-20_S,14,-2.55268,35.11628,-2.56527,35.18269,1,1,7456.52709787394
AN16-165_S,AN17-38_T1,10,-2.55268,35.11628,-3.28117,35.00691,1,1,67551.1489592565
AN16-165_S,AN16-86-1_T,12,-2.55268,35.11628,-2.52621,35.25493,1,1,15570.172151654479
AN16-165_S,AN16-155_B,11,-2.55268,35.11628,-3.29364,35.03649,1,1,68155.09742026856
AN16-165_S,AN17-01-A_S,8,-2.55268,35.11628,-3.096573,35.149872,1,1,49710.310872796756
AN16-165_S,AN16-110_D1,28,-2.55268,35.11628,-3.110753,35.112708,1,1,50875.87453727749
AN16-23_D3,AN17-18_I,27,-3.038225,35.01837,-2.65342,35.11702,1,1,36765.89313018031
AN16-23_D3,AN16-135_S,28,-3.038225,35.01837,-3.06807,35.04067,1,1,3679.4229659064436
AN16-23_D3,AN16-23_B,24,-3.038225,35.01837,-3.038225,35.01837,1,1,0
AN16-23_D3,LNA-2_T1,33,-3.038225,35.01837,-3.05212,35.11393,1,1,10677.089146934728
AN16-23_D3,AN16-164_S3,20,-3.038225,35.01837,-3.03004,35.16133,1,1,15877.852164180518
AN16-23_D3,AN16-122_T2,0,-3.038225,35.01837,-2.934868,35.511649,1,1,55529.25764566377
AN16-23_D3,AN16-132_I,27,-3.038225,35.01837,-3.189766,35.243246,1,1,28516.482673807972
AN16-23_D3,AN16-14_S1,7,-3.038225,35.01837,-3.038225,35.01837,1,1,0
AN16-23_D3,AN16-24_D,7,-3.038225,35.01837,-3.09357,35.06333,1,1,7097.8982443717105
AN16-23_D3,AN16-135_T1,25,-3.038225,35.01837,-3.06807,35.04067,1,1,3679.4229659064436
AN16-23_D3,AN16-23_D1,23,-3.038225,35.01837,-3.038225,35.01837,1,1,0
AN16-23_D3,AN16-175_T,28,-3.038225,35.01837,-3.14563,35.20358,1,1,22761.40166050897
AN16-23_D3,AN16-80_I1,7,-3.038225,35.01837,-2.994935,35.095446,1,1,9418.816527868757
AN16-23_D3,AN16-14_D2,24,-3.038225,35.01837,-3.038225,35.01837,1,1,0
AN16-23_D3,AN16-88_D,27,-3.038225,35.01837,-2.994935,35.095446,1,1,9418.816527868757
AN16-23_D3,AN16-164_S1,26,-3.038225,35.01837,-3.03004,35.16133,1,1,15877.852164180518
AN16-23_D3,AN16-24_T,7,-3.038225,35.01837,-3.09357,35.06333,1,1,7097.8982443717105
AN16-23_D3,AN16-135_I,25,-3.038225,35.01837,-3.06807,35.04067,1,1,3679.4229659064436
AN16-23_D3,AN16-155_S,25,-3.038225,35.01837,-3.29364,35.03649,1,1,23395.10432430792
AN16-23_D3,AN17-01-A_B,28,-3.038225,35.01837,-3.096573,35.149872,1,1,15529.179361555529
AN16-23_D3,AN17-18_S,26,-3.038225,35.01837,-2.65342,35.11702,1,1,36765.89313018031
AN16-23_D3,LNA-2_T2,33,-3.038225,35.01837,-3.05212,35.11393,1,1,10677.089146934728
AN16-23_D3,AN16-109_D1,27,-3.038225,35.01837,-3.01212,35.49434,1,1,52860.032725214354
AN16-23_D3,AN16-122_T1,29,-3.038225,35.01837,-2.934868,35.511649,1,1,55529.25764566377
AN16-23_D3,AN16-160_D2,24,-3.038225,35.01837,-3.29372,35.03663,1,1,23403.69742268167
AN16-23_D3,AN16-132_T,27,-3.038225,35.01837,-3.189766,35.243246,1,1,28516.482673807972
AN16-23_D3,AN17-20_S,28,-3.038225,35.01837,-2.56527,35.18269,1,1,46817.3391754289
AN16-23_D3,AN17-38_T1,24,-3.038225,35.01837,-3.28117,35.00691,1,1,22211.00528068222
AN16-23_D3,AN16-86-1_T,26,-3.038225,35.01837,-2.52621,35.25493,1,1,53537.03346124302
AN16-23_D3,AN16-155_B,25,-3.038225,35.01837,-3.29364,35.03649,1,1,23395.10432430792
AN16-23_D3,AN17-01-A_S,22,-3.038225,35.01837,-3.096573,35.149872,1,1,15529.179361555529
AN16-23_D3,AN16-110_D1,0,-3.038225,35.01837,-3.110753,35.112708,1,1,12381.626648808136
AN17-18_I,AN16-135_S,13,-2.65342,35.11702,-3.06807,35.04067,1,1,38753.291706922726
AN17-18_I,AN16-23_B,3,-2.65342,35.11702,-3.038225,35.01837,1,1,36765.89313018031
AN17-18_I,LNA-2_T1,18,-2.65342,35.11702,-3.05212,35.11393,1,1,36346.97954842875
AN17-18_I,AN16-164_S3,9,-2.65342,35.11702,-3.03004,35.16133,1,1,34672.86721209014
AN17-18_I,AN16-122_T2,27,-2.65342,35.11702,-2.934868,35.511649,1,1,50714.66988701531
AN17-18_I,AN16-132_I,12,-2.65342,35.11702,-3.189766,35.243246,1,1,50821.907954831586
AN17-18_I,AN16-14_S1,28,-2.65342,35.11702,-3.038225,35.01837,1,1,36765.89313018031
AN17-18_I,AN16-24_D,28,-2.65342,35.11702,-3.09357,35.06333,1,1,40575.90467223082
AN17-18_I,AN16-135_T1,10,-2.65342,35.11702,-3.06807,35.04067,1,1,38753.291706922726
AN17-18_I,AN16-23_D1,3,-2.65342,35.11702,-3.038225,35.01837,1,1,36765.89313018031
AN17-18_I,AN16-175_T,13,-2.65342,35.11702,-3.14563,35.20358,1,1,45861.80169932267
AN17-18_I,AN16-80_I1,28,-2.65342,35.11702,-2.994935,35.095446,1,1,31227.77681568494
AN17-18_I,AN16-14_D2,3,-2.65342,35.11702,-3.038225,35.01837,1,1,36765.89313018031
AN17-18_I,AN16-88_D,12,-2.65342,35.11702,-2.994935,35.095446,1,1,31227.77681568494
AN17-18_I,AN16-164_S1,11,-2.65342,35.11702,-3.03004,35.16133,1,1,34672.86721209014
AN17-18_I,AN16-24_T,28,-2.65342,35.11702,-3.09357,35.06333,1,1,40575.90467223082
AN17-18_I,AN16-135_I,10,-2.65342,35.11702,-3.06807,35.04067,1,1,38753.291706922726
AN17-18_I,AN16-155_S,10,-2.65342,35.11702,-3.29364,35.03649,1,1,59069.320733983426
AN17-18_I,AN17-01-A_B,13,-2.65342,35.11702,-3.096573,35.149872,1,1,40552.91995392804
AN17-18_I,AN17-18_S,0,-2.65342,35.11702,-2.65342,35.11702,1,1,0
AN17-18_I,LNA-2_T2,18,-2.65342,35.11702,-3.05212,35.11393,1,1,36346.97954842875
AN17-18_I,AN16-109_D1,12,-2.65342,35.11702,-3.01212,35.49434,1,1,53072.430702119724
AN17-18_I,AN16-122_T1,14,-2.65342,35.11702,-2.934868,35.511649,1,1,50714.66988701531
AN17-18_I,AN16-160_D2,9,-2.65342,35.11702,-3.29372,35.03663,1,1,59074.136854839475
AN17-18_I,AN16-132_T,12,-2.65342,35.11702,-3.189766,35.243246,1,1,50821.907954831586
AN17-18_I,AN17-20_S,13,-2.65342,35.11702,-2.56527,35.18269,1,1,10844.32347362681
AN17-18_I,AN17-38_T1,3,-2.65342,35.11702,-3.28117,35.00691,1,1,58551.290051619006
AN17-18_I,AN16-86-1_T,5,-2.65342,35.11702,-2.52621,35.25493,1,1,19192.288807809833
AN17-18_I,AN16-155_B,10,-2.65342,35.11702,-3.29364,35.03649,1,1,59069.320733983426
AN17-18_I,AN17-01-A_S,7,-2.65342,35.11702,-3.096573,35.149872,1,1,40552.91995392804
AN17-18_I,AN16-110_D1,27,-2.65342,35.11702,-3.110753,35.112708,1,1,41693.375140636934
AN16-135_S,AN16-23_B,10,-3.06807,35.04067,-3.038225,35.01837,1,1,3679.4229659064436
AN16-135_S,LNA-2_T1,19,-3.06807,35.04067,-3.05212,35.11393,1,1,8256.76261049813
AN16-135_S,AN16-164_S3,10,-3.06807,35.04067,-3.03004,35.16133,1,1,13828.100080038488
AN16-135_S,AN16-122_T2,28,-3.06807,35.04067,-2.934868,35.511649,1,1,53639.96293347804
AN16-135_S,AN16-132_I,13,-3.06807,35.04067,-3.189766,35.243246,1,1,25061.756415137
AN16-135_S,AN16-14_S1,29,-3.06807,35.04067,-3.038225,35.01837,1,1,3679.4229659064436
AN16-135_S,AN16-24_D,29,-3.06807,35.04067,-3.09357,35.06333,1,1,3425.1844122672105
AN16-135_S,AN16-135_T1,11,-3.06807,35.04067,-3.06807,35.04067,1,1,0
AN16-135_S,AN16-23_D1,10,-3.06807,35.04067,-3.038225,35.01837,1,1,3679.4229659064436
AN16-135_S,AN16-175_T,14,-3.06807,35.04067,-3.14563,35.20358,1,1,19407.215901246032
AN16-135_S,AN16-80_I1,29,-3.06807,35.04067,-2.994935,35.095446,1,1,9023.815292426081
AN16-135_S,AN16-14_D2,10,-3.06807,35.04067,-3.038225,35.01837,1,1,3679.4229659064436
AN16-135_S,AN16-88_D,13,-3.06807,35.04067,-2.994935,35.095446,1,1,9023.815292426081
AN16-135_S,AN16-164_S1,12,-3.06807,35.04067,-3.03004,35.16133,1,1,13828.100080038488
AN16-135_S,AN16-24_T,29,-3.06807,35.04067,-3.09357,35.06333,1,1,3425.1844122672105
AN16-135_S,AN16-135_I,11,-3.06807,35.04067,-3.06807,35.04067,1,1,0
AN16-135_S,AN16-155_S,11,-3.06807,35.04067,-3.29364,35.03649,1,1,20587.421845205903
AN16-135_S,AN17-01-A_B,14,-3.06807,35.04067,-3.096573,35.149872,1,1,12390.756110707362
AN16-135_S,AN17-18_S,12,-3.06807,35.04067,-2.65342,35.11702,1,1,38753.291706922726
AN16-135_S,LNA-2_T2,19,-3.06807,35.04067,-3.05212,35.11393,1,1,8256.76261049813
AN16-135_S,AN16-109_D1,1,-3.06807,35.04067,-3.01212,35.49434,1,1,50589.4382041971
AN16-135_S,AN16-122_T1,15,-3.06807,35.04067,-2.934868,35.511649,1,1,53639.96293347804
AN16-135_S,AN16-160_D2,10,-3.06807,35.04067,-3.29372,35.03663,1,1,20594.35818107895
AN16-135_S,AN16-132_T,12,-3.06807,35.04067,-3.189766,35.243246,1,1,25061.756415137
AN16-135_S,AN17-20_S,14,-3.06807,35.04067,-2.56527,35.18269,1,1,48469.57086946169
AN16-135_S,AN17-38_T1,10,-3.06807,35.04067,-3.28117,35.00691,1,1,19805.23997550561
AN16-135_S,AN16-86-1_T,12,-3.06807,35.04067,-2.52621,35.25493,1,1,54800.111913961046
AN16-135_S,AN16-155_B,11,-3.06807,35.04067,-3.29364,35.03649,1,1,20587.421845205903
AN16-135_S,AN17-01-A_S,8,-3.06807,35.04067,-3.096573,35.149872,1,1,12390.756110707362
AN16-135_S,AN16-110_D1,28,-3.06807,35.04067,-3.110753,35.112708,1,1,8889.69475682893
AN16-23_B,LNA-2_T1,15,-3.038225,35.01837,-3.05212,35.11393,1,1,10677.089146934728
AN16-23_B,AN16-164_S3,6,-3.038225,35.01837,-3.03004,35.16133,1,1,15877.852164180518
AN16-23_B,AN16-122_T2,24,-3.038225,35.01837,-2.934868,35.511649,1,1,55529.25764566377
AN16-23_B,AN16-132_I,9,-3.038225,35.01837,-3.189766,35.243246,1,1,28516.482673807972
AN16-23_B,AN16-14_S1,25,-3.038225,35.01837,-3.038225,35.01837,1,1,0
AN16-23_B,AN16-24_D,25,-3.038225,35.01837,-3.09357,35.06333,1,1,7097.8982443717105
AN16-23_B,AN16-135_T1,7,-3.038225,35.01837,-3.06807,35.04067,1,1,3679.4229659064436
AN16-23_B,AN16-23_D1,0,-3.038225,35.01837,-3.038225,35.01837,1,1,0
AN16-23_B,AN16-175_T,10,-3.038225,35.01837,-3.14563,35.20358,1,1,22761.40166050897
AN16-23_B,AN16-80_I1,25,-3.038225,35.01837,-2.994935,35.095446,1,1,9418.816527868757
AN16-23_B,AN16-14_D2,0,-3.038225,35.01837,-3.038225,35.01837,1,1,0
AN16-23_B,AN16-88_D,9,-3.038225,35.01837,-2.994935,35.095446,1,1,9418.816527868757
AN16-23_B,AN16-164_S1,8,-3.038225,35.01837,-3.03004,35.16133,1,1,15877.852164180518
AN16-23_B,AN16-24_T,25,-3.038225,35.01837,-3.09357,35.06333,1,1,7097.8982443717105
AN16-23_B,AN16-135_I,7,-3.038225,35.01837,-3.06807,35.04067,1,1,3679.4229659064436
AN16-23_B,AN16-155_S,7,-3.038225,35.01837,-3.29364,35.03649,1,1,23395.10432430792
AN16-23_B,AN17-01-A_B,10,-3.038225,35.01837,-3.096573,35.149872,1,1,15529.179361555529
AN16-23_B,AN17-18_S,2,-3.038225,35.01837,-2.65342,35.11702,1,1,36765.89313018031
AN16-23_B,LNA-2_T2,15,-3.038225,35.01837,-3.05212,35.11393,1,1,10677.089146934728
AN16-23_B,AN16-109_D1,9,-3.038225,35.01837,-3.01212,35.49434,1,1,52860.032725214354
AN16-23_B,AN16-122_T1,11,-3.038225,35.01837,-2.934868,35.511649,1,1,55529.25764566377
AN16-23_B,AN16-160_D2,6,-3.038225,35.01837,-3.29372,35.03663,1,1,23403.69742268167
AN16-23_B,AN16-132_T,9,-3.038225,35.01837,-3.189766,35.243246,1,1,28516.482673807972
AN16-23_B,AN17-20_S,10,-3.038225,35.01837,-2.56527,35.18269,1,1,46817.3391754289
AN16-23_B,AN17-38_T1,0,-3.038225,35.01837,-3.28117,35.00691,1,1,22211.00528068222
AN16-23_B,AN16-86-1_T,2,-3.038225,35.01837,-2.52621,35.25493,1,1,53537.03346124302
AN16-23_B,AN16-155_B,7,-3.038225,35.01837,-3.29364,35.03649,1,1,23395.10432430792
AN16-23_B,AN17-01-A_S,4,-3.038225,35.01837,-3.096573,35.149872,1,1,15529.179361555529
AN16-23_B,AN16-110_D1,24,-3.038225,35.01837,-3.110753,35.112708,1,1,12381.626648808136
LNA-2_T1,AN16-164_S3,15,-3.05212,35.11393,-3.03004,35.16133,1,1,5630.555280178726
LNA-2_T1,AN16-122_T2,33,-3.05212,35.11393,-2.934868,35.511649,1,1,45395.49279412966
LNA-2_T1,AN16-132_I,18,-3.05212,35.11393,-3.189766,35.243246,1,1,19053.466602507604
LNA-2_T1,AN16-14_S1,34,-3.05212,35.11393,-3.038225,35.01837,1,1,10677.089146934728
LNA-2_T1,AN16-24_D,34,-3.05212,35.11393,-3.09357,35.06333,1,1,6767.59272042025
LNA-2_T1,AN16-135_T1,16,-3.05212,35.11393,-3.06807,35.04067,1,1,8256.76261049813
LNA-2_T1,AN16-23_D1,15,-3.05212,35.11393,-3.038225,35.01837,1,1,10677.089146934728
LNA-2_T1,AN16-175_T,19,-3.05212,35.11393,-3.14563,35.20358,1,1,13096.264808241958
LNA-2_T1,AN16-80_I1,34,-3.05212,35.11393,-2.994935,35.095446,1,1,5602.448016959943
LNA-2_T1,AN16-14_D2,15,-3.05212,35.11393,-3.038225,35.01837,1,1,10677.089146934728
LNA-2_T1,AN16-88_D,18,-3.05212,35.11393,-2.994935,35.095446,1,1,5602.448016959943
LNA-2_T1,AN16-164_S1,17,-3.05212,35.11393,-3.03004,35.16133,1,1,5630.555280178726
LNA-2_T1,AN16-24_T,34,-3.05212,35.11393,-3.09357,35.06333,1,1,6767.59272042025
LNA-2_T1,AN16-135_I,16,-3.05212,35.11393,-3.06807,35.04067,1,1,8256.76261049813
LNA-2_T1,AN16-155_S,16,-3.05212,35.11393,-3.29364,35.03649,1,1,23643.84683609293
LNA-2_T1,AN17-01-A_B,19,-3.05212,35.11393,-3.096573,35.149872,1,1,5684.627898307973
LNA-2_T1,AN17-18_S,17,-3.05212,35.11393,-2.65342,35.11702,1,1,36346.97954842875
LNA-2_T1,LNA-2_T2,0,-3.05212,35.11393,-3.05212,35.11393,1,1,0
LNA-2_T1,AN16-109_D1,18,-3.05212,35.11393,-3.01212,35.49434,1,1,42361.52709545402
LNA-2_T1,AN16-122_T1,20,-3.05212,35.11393,-2.934868,35.511649,1,1,45395.49279412966
LNA-2_T1,AN16-160_D2,15,-3.05212,35.11393,-3.29372,35.03663,1,1,23644.98943963615
LNA-2_T1,AN16-132_T,15,-3.05212,35.11393,-3.189766,35.243246,1,1,19053.466602507604
LNA-2_T1,AN17-20_S,19,-3.05212,35.11393,-2.56527,35.18269,1,1,45014.3507350533
LNA-2_T1,AN17-38_T1,15,-3.05212,35.11393,-3.28117,35.00691,1,1,24031.929054659046
LNA-2_T1,AN16-86-1_T,17,-3.05212,35.11393,-2.52621,35.25493,1,1,50390.88721111893
LNA-2_T1,AN16-155_B,16,-3.05212,35.11393,-3.29364,35.03649,1,1,23643.84683609293
LNA-2_T1,AN17-01-A_S,13,-3.05212,35.11393,-3.096573,35.149872,1,1,5684.627898307973
LNA-2_T1,AN16-110_D1,33,-3.05212,35.11393,-3.110753,35.112708,1,1,5346.828607008396
AN16-164_S3,AN16-122_T2,20,-3.03004,35.16133,-2.934868,35.511649,1,1,39818.17907440158
AN16-164_S3,AN16-132_I,9,-3.03004,35.16133,-3.189766,35.243246,1,1,17150.92200627325
AN16-164_S3,AN16-14_S1,21,-3.03004,35.16133,-3.038225,35.01837,1,1,15877.852164180518
AN16-164_S3,AN16-24_D,21,-3.03004,35.16133,-3.09357,35.06333,1,1,12318.734529016832
AN16-164_S3,AN16-135_T1,7,-3.03004,35.16133,-3.06807,35.04067,1,1,13828.100080038488
AN16-164_S3,AN16-23_D1,6,-3.03004,35.16133,-3.038225,35.01837,1,1,15877.852164180518
AN16-164_S3,AN16-175_T,10,-3.03004,35.16133,-3.14563,35.20358,1,1,11524.813049728908
AN16-164_S3,AN16-80_I1,21,-3.03004,35.16133,-2.994935,35.095446,1,1,7979.010296346956
AN16-164_S3,AN16-14_D2,6,-3.03004,35.16133,-3.038225,35.01837,1,1,15877.852164180518
AN16-164_S3,AN16-88_D,9,-3.03004,35.16133,-2.994935,35.095446,1,1,7979.010296346956
AN16-164_S3,AN16-164_S1,0,-3.03004,35.16133,-3.03004,35.16133,1,1,0
AN16-164_S3,AN16-24_T,21,-3.03004,35.16133,-3.09357,35.06333,1,1,12318.734529016832
AN16-164_S3,AN16-135_I,7,-3.03004,35.16133,-3.06807,35.04067,1,1,13828.100080038488
AN16-164_S3,AN16-155_S,7,-3.03004,35.16133,-3.29364,35.03649,1,1,27739.564344153227
AN16-164_S3,AN17-01-A_B,10,-3.03004,35.16133,-3.096573,35.149872,1,1,6194.001437590199
AN16-164_S3,AN17-18_S,8,-3.03004,35.16133,-2.65342,35.11702,1,1,34672.86721209014
AN16-164_S3,LNA-2_T2,15,-3.03004,35.16133,-3.05212,35.11393,1,1,5630.555280178726
AN16-164_S3,AN16-109_D1,9,-3.03004,35.16133,-3.01212,35.49434,1,1,36982.23341214742
AN16-164_S3,AN16-122_T1,11,-3.03004,35.16133,-2.934868,35.511649,1,1,39818.17907440158
AN16-164_S3,AN16-160_D2,6,-3.03004,35.16133,-3.29372,35.03663,1,1,27738.11698297993
AN16-164_S3,AN16-132_T,9,-3.03004,35.16133,-3.189766,35.243246,1,1,17150.92200627325
AN16-164_S3,AN17-20_S,10,-3.03004,35.16133,-2.56527,35.18269,1,1,42405.251785991575
AN16-164_S3,AN17-38_T1,6,-3.03004,35.16133,-3.28117,35.00691,1,1,28600.381937544655
AN16-164_S3,AN16-86-1_T,8,-3.03004,35.16133,-2.52621,35.25493,1,1,47037.484285847975
AN16-164_S3,AN16-155_B,7,-3.03004,35.16133,-3.29364,35.03649,1,1,27739.564344153227
AN16-164_S3,AN17-01-A_S,4,-3.03004,35.16133,-3.096573,35.149872,1,1,6194.001437590199
AN16-164_S3,AN16-110_D1,20,-3.03004,35.16133,-3.110753,35.112708,1,1,9121.762392183618
AN16-122_T2,AN16-132_I,27,-2.934868,35.511649,-3.189766,35.243246,1,1,37725.77984075429
AN16-122_T2,AN16-14_S1,7,-2.934868,35.511649,-3.038225,35.01837,1,1,55529.25764566377
AN16-122_T2,AN16-24_D,7,-2.934868,35.511649,-3.09357,35.06333,1,1,51791.87856342141
AN16-122_T2,AN16-135_T1,25,-2.934868,35.511649,-3.06807,35.04067,1,1,53639.96293347804
AN16-122_T2,AN16-23_D1,23,-2.934868,35.511649,-3.038225,35.01837,1,1,55529.25764566377
AN16-122_T2,AN16-175_T,28,-2.934868,35.511649,-3.14563,35.20358,1,1,39181.365078980394
AN16-122_T2,AN16-80_I1,7,-2.934868,35.511649,-2.994935,35.095446,1,1,46498.15941939925
AN16-122_T2,AN16-14_D2,24,-2.934868,35.511649,-3.038225,35.01837,1,1,55529.25764566377
AN16-122_T2,AN16-88_D,27,-2.934868,35.511649,-2.994935,35.095446,1,1,46498.15941939925
AN16-122_T2,AN16-164_S1,26,-2.934868,35.511649,-3.03004,35.16133,1,1,39818.17907440158
AN16-122_T2,AN16-24_T,7,-2.934868,35.511649,-3.09357,35.06333,1,1,51791.87856342141
AN16-122_T2,AN16-135_I,25,-2.934868,35.511649,-3.06807,35.04067,1,1,53639.96293347804
AN16-122_T2,AN16-155_S,25,-2.934868,35.511649,-3.29364,35.03649,1,1,62004.42634204876
AN16-122_T2,AN17-01-A_B,28,-2.934868,35.511649,-3.096573,35.149872,1,1,42745.814475433894
AN16-122_T2,AN17-18_S,26,-2.934868,35.511649,-2.65342,35.11702,1,1,50714.66988701531
AN16-122_T2,LNA-2_T2,33,-2.934868,35.511649,-3.05212,35.11393,1,1,45395.49279412966
AN16-122_T2,AN16-109_D1,27,-2.934868,35.511649,-3.01212,35.49434,1,1,7267.108183912801
AN16-122_T2,AN16-122_T1,29,-2.934868,35.511649,-2.934868,35.511649,1,1,0
AN16-122_T2,AN16-160_D2,24,-2.934868,35.511649,-3.29372,35.03663,1,1,61995.03975698719
AN16-122_T2,AN16-132_T,27,-2.934868,35.511649,-3.189766,35.243246,1,1,37725.77984075429
AN16-122_T2,AN17-20_S,28,-2.934868,35.511649,-2.56527,35.18269,1,1,49606.11495885377
AN16-122_T2,AN17-38_T1,24,-2.934868,35.511649,-3.28117,35.00691,1,1,64256.451475378664
AN16-122_T2,AN16-86-1_T,26,-2.934868,35.511649,-2.52621,35.25493,1,1,46796.76108630644
AN16-122_T2,AN16-155_B,25,-2.934868,35.511649,-3.29364,35.03649,1,1,62004.42634204876
AN16-122_T2,AN17-01-A_S,22,-2.934868,35.511649,-3.096573,35.149872,1,1,42745.814475433894
AN16-122_T2,AN16-110_D1,0,-2.934868,35.511649,-3.110753,35.112708,1,1,47062.47030405058
AN16-132_I,AN16-14_S1,28,-3.189766,35.243246,-3.038225,35.01837,1,1,28516.482673807972
AN16-132_I,AN16-24_D,28,-3.189766,35.243246,-3.09357,35.06333,1,1,21800.202464662812
AN16-132_I,AN16-135_T1,10,-3.189766,35.243246,-3.06807,35.04067,1,1,25061.756415137
AN16-132_I,AN16-23_D1,9,-3.189766,35.243246,-3.038225,35.01837,1,1,28516.482673807972
AN16-132_I,AN16-175_T,13,-3.189766,35.243246,-3.14563,35.20358,1,1,5959.166469877162
AN16-132_I,AN16-80_I1,28,-3.189766,35.243246,-2.994935,35.095446,1,1,24164.13159348657
AN16-132_I,AN16-14_D2,9,-3.189766,35.243246,-3.038225,35.01837,1,1,28516.482673807972
AN16-132_I,AN16-88_D,0,-3.189766,35.243246,-2.994935,35.095446,1,1,24164.13159348657
AN16-132_I,AN16-164_S1,11,-3.189766,35.243246,-3.03004,35.16133,1,1,17150.92200627325
AN16-132_I,AN16-24_T,28,-3.189766,35.243246,-3.09357,35.06333,1,1,21800.202464662812
AN16-132_I,AN16-135_I,10,-3.189766,35.243246,-3.06807,35.04067,1,1,25061.756415137
AN16-132_I,AN16-155_S,10,-3.189766,35.243246,-3.29364,35.03649,1,1,24814.709613279814
AN16-132_I,AN17-01-A_B,13,-3.189766,35.243246,-3.096573,35.149872,1,1,13391.962835110568
AN16-132_I,AN17-18_S,11,-3.189766,35.243246,-2.65342,35.11702,1,1,50821.907954831586
AN16-132_I,LNA-2_T2,18,-3.189766,35.243246,-3.05212,35.11393,1,1,19053.466602507604
AN16-132_I,AN16-109_D1,12,-3.189766,35.243246,-3.01212,35.49434,1,1,32197.88475836857
AN16-132_I,AN16-122_T1,14,-3.189766,35.243246,-2.934868,35.511649,1,1,37725.77984075429
AN16-132_I,AN16-160_D2,9,-3.189766,35.243246,-3.29372,35.03663,1,1,24803.13374103878
AN16-132_I,AN16-132_T,0,-3.189766,35.243246,-3.189766,35.243246,1,1,0
AN16-132_I,AN17-20_S,13,-3.189766,35.243246,-2.56527,35.18269,1,1,57256.41985105556
AN16-132_I,AN17-38_T1,9,-3.189766,35.243246,-3.28117,35.00691,1,1,27511.62165653402
AN16-132_I,AN16-86-1_T,11,-3.189766,35.243246,-2.52621,35.25493,1,1,60404.47288082592
AN16-132_I,AN16-155_B,10,-3.189766,35.243246,-3.29364,35.03649,1,1,24814.709613279814
AN16-132_I,AN17-01-A_S,7,-3.189766,35.243246,-3.096573,35.149872,1,1,13391.962835110568
AN16-132_I,AN16-110_D1,27,-3.189766,35.243246,-3.110753,35.112708,1,1,16172.216406198768
AN16-14_S1,AN16-24_D,0,-3.038225,35.01837,-3.09357,35.06333,1,1,7097.8982443717105
AN16-14_S1,AN16-135_T1,26,-3.038225,35.01837,-3.06807,35.04067,1,1,3679.4229659064436
AN16-14_S1,AN16-23_D1,24,-3.038225,35.01837,-3.038225,35.01837,1,1,0
AN16-14_S1,AN16-175_T,29,-3.038225,35.01837,-3.14563,35.20358,1,1,22761.40166050897
AN16-14_S1,AN16-80_I1,0,-3.038225,35.01837,-2.994935,35.095446,1,1,9418.816527868757
AN16-14_S1,AN16-14_D2,25,-3.038225,35.01837,-3.038225,35.01837,1,1,0
AN16-14_S1,AN16-88_D,28,-3.038225,35.01837,-2.994935,35.095446,1,1,9418.816527868757
AN16-14_S1,AN16-164_S1,27,-3.038225,35.01837,-3.03004,35.16133,1,1,15877.852164180518
AN16-14_S1,AN16-24_T,0,-3.038225,35.01837,-3.09357,35.06333,1,1,7097.8982443717105
AN16-14_S1,AN16-135_I,26,-3.038225,35.01837,-3.06807,35.04067,1,1,3679.4229659064436
AN16-14_S1,AN16-155_S,26,-3.038225,35.01837,-3.29364,35.03649,1,1,23395.10432430792
AN16-14_S1,AN17-01-A_B,29,-3.038225,35.01837,-3.096573,35.149872,1,1,15529.179361555529
AN16-14_S1,AN17-18_S,27,-3.038225,35.01837,-2.65342,35.11702,1,1,36765.89313018031
AN16-14_S1,LNA-2_T2,34,-3.038225,35.01837,-3.05212,35.11393,1,1,10677.089146934728
AN16-14_S1,AN16-109_D1,28,-3.038225,35.01837,-3.01212,35.49434,1,1,52860.032725214354
AN16-14_S1,AN16-122_T1,30,-3.038225,35.01837,-2.934868,35.511649,1,1,55529.25764566377
AN16-14_S1,AN16-160_D2,25,-3.038225,35.01837,-3.29372,35.03663,1,1,23403.69742268167
AN16-14_S1,AN16-132_T,28,-3.038225,35.01837,-3.189766,35.243246,1,1,28516.482673807972
AN16-14_S1,AN17-20_S,29,-3.038225,35.01837,-2.56527,35.18269,1,1,46817.3391754289
AN16-14_S1,AN17-38_T1,25,-3.038225,35.01837,-3.28117,35.00691,1,1,22211.00528068222
AN16-14_S1,AN16-86-1_T,27,-3.038225,35.01837,-2.52621,35.25493,1,1,53537.03346124302
AN16-14_S1,AN16-155_B,26,-3.038225,35.01837,-3.29364,35.03649,1,1,23395.10432430792
AN16-14_S1,AN17-01-A_S,23,-3.038225,35.01837,-3.096573,35.149872,1,1,15529.179361555529
AN16-14_S1,AN16-110_D1,7,-3.038225,35.01837,-3.110753,35.112708,1,1,12381.626648808136
AN16-24_D,AN16-135_T1,26,-3.09357,35.06333,-3.06807,35.04067,1,1,3425.1844122672105
AN16-24_D,AN16-23_D1,24,-3.09357,35.06333,-3.038225,35.01837,1,1,7097.8982443717105
AN16-24_D,AN16-175_T,29,-3.09357,35.06333,-3.14563,35.20358,1,1,16267.10029968703
AN16-24_D,AN16-80_I1,0,-3.09357,35.06333,-2.994935,35.095446,1,1,9675.440070742172
AN16-24_D,AN16-14_D2,25,-3.09357,35.06333,-3.038225,35.01837,1,1,7097.8982443717105
AN16-24_D,AN16-88_D,28,-3.09357,35.06333,-2.994935,35.095446,1,1,9675.440070742172
AN16-24_D,AN16-164_S1,27,-3.09357,35.06333,-3.03004,35.16133,1,1,12318.734529016832
AN16-24_D,AN16-24_T,0,-3.09357,35.06333,-3.09357,35.06333,1,1,0
AN16-24_D,AN16-135_I,26,-3.09357,35.06333,-3.06807,35.04067,1,1,3425.1844122672105
AN16-24_D,AN16-155_S,26,-3.09357,35.06333,-3.29364,35.03649,1,1,18494.20833184472
AN16-24_D,AN17-01-A_B,29,-3.09357,35.06333,-3.096573,35.149872,1,1,9605.090970460535
AN16-24_D,AN17-18_S,27,-3.09357,35.06333,-2.65342,35.11702,1,1,40575.90467223082
AN16-24_D,LNA-2_T2,34,-3.09357,35.06333,-3.05212,35.11393,1,1,6767.59272042025
AN16-24_D,AN16-109_D1,28,-3.09357,35.06333,-3.01212,35.49434,1,1,48389.434576745334
AN16-24_D,AN16-122_T1,30,-3.09357,35.06333,-2.934868,35.511649,1,1,51791.87856342141
AN16-24_D,AN16-160_D2,25,-3.09357,35.06333,-3.29372,35.03663,1,1,18498.90300976728
AN16-24_D,AN16-132_T,28,-3.09357,35.06333,-3.189766,35.243246,1,1,21800.202464662812
AN16-24_D,AN17-20_S,29,-3.09357,35.06333,-2.56527,35.18269,1,1,49942.71928284736
AN16-24_D,AN17-38_T1,25,-3.09357,35.06333,-3.28117,35.00691,1,1,18226.80185527274
AN16-24_D,AN16-86-1_T,27,-3.09357,35.06333,-2.52621,35.25493,1,1,55892.585342637154
AN16-24_D,AN16-155_B,26,-3.09357,35.06333,-3.29364,35.03649,1,1,18494.20833184472
AN16-24_D,AN17-01-A_S,23,-3.09357,35.06333,-3.096573,35.149872,1,1,9605.090970460535
AN16-24_D,AN16-110_D1,7,-3.09357,35.06333,-3.110753,35.112708,1,1,5697.794611566719
AN16-135_T1,AN16-23_D1,7,-3.06807,35.04067,-3.038225,35.01837,1,1,3679.4229659064436
AN16-135_T1,AN16-175_T,11,-3.06807,35.04067,-3.14563,35.20358,1,1,19407.215901246032
AN16-135_T1,AN16-80_I1,26,-3.06807,35.04067,-2.994935,35.095446,1,1,9023.815292426081
AN16-135_T1,AN16-14_D2,7,-3.06807,35.04067,-3.038225,35.01837,1,1,3679.4229659064436
AN16-135_T1,AN16-88_D,10,-3.06807,35.04067,-2.994935,35.095446,1,1,9023.815292426081
AN16-135_T1,AN16-164_S1,9,-3.06807,35.04067,-3.03004,35.16133,1,1,13828.100080038488
AN16-135_T1,AN16-24_T,26,-3.06807,35.04067,-3.09357,35.06333,1,1,3425.1844122672105
AN16-135_T1,AN16-135_I,0,-3.06807,35.04067,-3.06807,35.04067,1,1,0
AN16-135_T1,AN16-155_S,0,-3.06807,35.04067,-3.29364,35.03649,1,1,20587.421845205903
AN16-135_T1,AN17-01-A_B,11,-3.06807,35.04067,-3.096573,35.149872,1,1,12390.756110707362
AN16-135_T1,AN17-18_S,9,-3.06807,35.04067,-2.65342,35.11702,1,1,38753.291706922726
AN16-135_T1,LNA-2_T2,16,-3.06807,35.04067,-3.05212,35.11393,1,1,8256.76261049813
AN16-135_T1,AN16-109_D1,10,-3.06807,35.04067,-3.01212,35.49434,1,1,50589.4382041971
AN16-135_T1,AN16-122_T1,12,-3.06807,35.04067,-2.934868,35.511649,1,1,53639.96293347804
AN16-135_T1,AN16-160_D2,7,-3.06807,35.04067,-3.29372,35.03663,1,1,20594.35818107895
AN16-135_T1,AN16-132_T,10,-3.06807,35.04067,-3.189766,35.243246,1,1,25061.756415137
AN16-135_T1,AN17-20_S,11,-3.06807,35.04067,-2.56527,35.18269,1,1,48469.57086946169
AN16-135_T1,AN17-38_T1,7,-3.06807,35.04067,-3.28117,35.00691,1,1,19805.23997550561
AN16-135_T1,AN16-86-1_T,9,-3.06807,35.04067,-2.52621,35.25493,1,1,54800.111913961046
AN16-135_T1,AN16-155_B,0,-3.06807,35.04067,-3.29364,35.03649,1,1,20587.421845205903
AN16-135_T1,AN17-01-A_S,5,-3.06807,35.04067,-3.096573,35.149872,1,1,12390.756110707362
AN16-135_T1,AN16-110_D1,25,-3.06807,35.04067,-3.110753,35.112708,1,1,8889.69475682893
AN16-23_D1,AN16-175_T,9,-3.038225,35.01837,-3.14563,35.20358,1,1,22761.40166050897
AN16-23_D1,AN16-80_I1,24,-3.038225,35.01837,-2.994935,35.095446,1,1,9418.816527868757
AN16-23_D1,AN16-14_D2,0,-3.038225,35.01837,-3.038225,35.01837,1,1,0
AN16-23_D1,AN16-88_D,9,-3.038225,35.01837,-2.994935,35.095446,1,1,9418.816527868757
AN16-23_D1,AN16-164_S1,8,-3.038225,35.01837,-3.03004,35.16133,1,1,15877.852164180518
AN16-23_D1,AN16-24_T,24,-3.038225,35.01837,-3.09357,35.06333,1,1,7097.8982443717105
AN16-23_D1,AN16-135_I,7,-3.038225,35.01837,-3.06807,35.04067,1,1,3679.4229659064436
AN16-23_D1,AN16-155_S,7,-3.038225,35.01837,-3.29364,35.03649,1,1,23395.10432430792
AN16-23_D1,AN17-01-A_B,10,-3.038225,35.01837,-3.096573,35.149872,1,1,15529.179361555529
AN16-23_D1,AN17-18_S,2,-3.038225,35.01837,-2.65342,35.11702,1,1,36765.89313018031
AN16-23_D1,LNA-2_T2,15,-3.038225,35.01837,-3.05212,35.11393,1,1,10677.089146934728
AN16-23_D1,AN16-109_D1,9,-3.038225,35.01837,-3.01212,35.49434,1,1,52860.032725214354
AN16-23_D1,AN16-122_T1,10,-3.038225,35.01837,-2.934868,35.511649,1,1,55529.25764566377
AN16-23_D1,AN16-160_D2,6,-3.038225,35.01837,-3.29372,35.03663,1,1,23403.69742268167
AN16-23_D1,AN16-132_T,9,-3.038225,35.01837,-3.189766,35.243246,1,1,28516.482673807972
AN16-23_D1,AN17-20_S,10,-3.038225,35.01837,-2.56527,35.18269,1,1,46817.3391754289
AN16-23_D1,AN17-38_T1,0,-3.038225,35.01837,-3.28117,35.00691,1,1,22211.00528068222
AN16-23_D1,AN16-86-1_T,2,-3.038225,35.01837,-2.52621,35.25493,1,1,53537.03346124302
AN16-23_D1,AN16-155_B,7,-3.038225,35.01837,-3.29364,35.03649,1,1,23395.10432430792
AN16-23_D1,AN17-01-A_S,4,-3.038225,35.01837,-3.096573,35.149872,1,1,15529.179361555529
AN16-23_D1,AN16-110_D1,23,-3.038225,35.01837,-3.110753,35.112708,1,1,12381.626648808136
AN16-175_T,AN16-80_I1,29,-3.14563,35.20358,-2.994935,35.095446,1,1,18233.994800036267
AN16-175_T,AN16-14_D2,10,-3.14563,35.20358,-3.038225,35.01837,1,1,22761.40166050897
AN16-175_T,AN16-88_D,13,-3.14563,35.20358,-2.994935,35.095446,1,1,18233.994800036267
AN16-175_T,AN16-164_S1,12,-3.14563,35.20358,-3.03004,35.16133,1,1,11524.813049728908
AN16-175_T,AN16-24_T,29,-3.14563,35.20358,-3.09357,35.06333,1,1,16267.10029968703
AN16-175_T,AN16-135_I,11,-3.14563,35.20358,-3.06807,35.04067,1,1,19407.215901246032
AN16-175_T,AN16-155_S,11,-3.14563,35.20358,-3.29364,35.03649,1,1,22927.376223240797
AN16-175_T,AN17-01-A_B,14,-3.14563,35.20358,-3.096573,35.149872,1,1,7448.060350283998
AN16-175_T,AN17-18_S,12,-3.14563,35.20358,-2.65342,35.11702,1,1,45861.80169932267
AN16-175_T,LNA-2_T2,19,-3.14563,35.20358,-3.05212,35.11393,1,1,13096.264808241958
AN16-175_T,AN16-109_D1,13,-3.14563,35.20358,-3.01212,35.49434,1,1,34466.20171300179
AN16-175_T,AN16-122_T1,9,-3.14563,35.20358,-2.934868,35.511649,1,1,39181.365078980394
AN16-175_T,AN16-160_D2,10,-3.14563,35.20358,-3.29372,35.03663,1,1,22919.107736448874
AN16-175_T,AN16-132_T,13,-3.14563,35.20358,-3.189766,35.243246,1,1,5959.166469877162
AN16-175_T,AN17-20_S,14,-3.14563,35.20358,-2.56527,35.18269,1,1,52905.927631617924
AN16-175_T,AN17-38_T1,10,-3.14563,35.20358,-3.28117,35.00691,1,1,25075.382414925425
AN16-175_T,AN16-86-1_T,12,-3.14563,35.20358,-2.52621,35.25493,1,1,56674.52090292185
AN16-175_T,AN16-155_B,11,-3.14563,35.20358,-3.29364,35.03649,1,1,22927.376223240797
AN16-175_T,AN17-01-A_S,8,-3.14563,35.20358,-3.096573,35.149872,1,1,7448.060350283998
AN16-175_T,AN16-110_D1,28,-3.14563,35.20358,-3.110753,35.112708,1,1,10570.604096099123
AN16-80_I1,AN16-14_D2,25,-2.994935,35.095446,-3.038225,35.01837,1,1,9418.816527868757
AN16-80_I1,AN16-88_D,28,-2.994935,35.095446,-2.994935,35.095446,1,1,0
AN16-80_I1,AN16-164_S1,27,-2.994935,35.095446,-3.03004,35.16133,1,1,7979.010296346956
AN16-80_I1,AN16-24_T,0,-2.994935,35.095446,-3.09357,35.06333,1,1,9675.440070742172
AN16-80_I1,AN16-135_I,26,-2.994935,35.095446,-3.06807,35.04067,1,1,9023.815292426081
AN16-80_I1,AN16-155_S,26,-2.994935,35.095446,-3.29364,35.03649,1,1,28020.391426202237
AN16-80_I1,AN17-01-A_B,29,-2.994935,35.095446,-3.096573,35.149872,1,1,11058.485973128474
AN16-80_I1,AN17-18_S,27,-2.994935,35.095446,-2.65342,35.11702,1,1,31227.77681568494
AN16-80_I1,LNA-2_T2,34,-2.994935,35.095446,-3.05212,35.11393,1,1,5602.448016959943
AN16-80_I1,AN16-109_D1,28,-2.994935,35.095446,-3.01212,35.49434,1,1,44283.28478542071
AN16-80_I1,AN16-122_T1,30,-2.994935,35.095446,-2.934868,35.511649,1,1,46498.15941939925
AN16-80_I1,AN16-160_D2,25,-2.994935,35.095446,-3.29372,35.03663,1,1,28023.843925610745
AN16-80_I1,AN16-132_T,28,-2.994935,35.095446,-3.189766,35.243246,1,1,24164.13159348657
AN16-80_I1,AN17-20_S,29,-2.994935,35.095446,-2.56527,35.18269,1,1,40335.36304470921
AN16-80_I1,AN17-38_T1,25,-2.994935,35.095446,-3.28117,35.00691,1,1,27899.761373470625
AN16-80_I1,AN16-86-1_T,27,-2.994935,35.095446,-2.52621,35.25493,1,1,46218.525420946105
AN16-80_I1,AN16-155_B,26,-2.994935,35.095446,-3.29364,35.03649,1,1,28020.391426202237
AN16-80_I1,AN17-01-A_S,23,-2.994935,35.095446,-3.096573,35.149872,1,1,11058.485973128474
AN16-80_I1,AN16-110_D1,7,-2.994935,35.095446,-3.110753,35.112708,1,1,10731.666259312213
AN16-14_D2,AN16-88_D,9,-3.038225,35.01837,-2.994935,35.095446,1,1,9418.816527868757
AN16-14_D2,AN16-164_S1,8,-3.038225,35.01837,-3.03004,35.16133,1,1,15877.852164180518
AN16-14_D2,AN16-24_T,25,-3.038225,35.01837,-3.09357,35.06333,1,1,7097.8982443717105
AN16-14_D2,AN16-135_I,7,-3.038225,35.01837,-3.06807,35.04067,1,1,3679.4229659064436
AN16-14_D2,AN16-155_S,7,-3.038225,35.01837,-3.29364,35.03649,1,1,23395.10432430792
AN16-14_D2,AN17-01-A_B,10,-3.038225,35.01837,-3.096573,35.149872,1,1,15529.179361555529
AN16-14_D2,AN17-18_S,2,-3.038225,35.01837,-2.65342,35.11702,1,1,36765.89313018031
AN16-14_D2,LNA-2_T2,15,-3.038225,35.01837,-3.05212,35.11393,1,1,10677.089146934728
AN16-14_D2,AN16-109_D1,9,-3.038225,35.01837,-3.01212,35.49434,1,1,52860.032725214354
AN16-14_D2,AN16-122_T1,11,-3.038225,35.01837,-2.934868,35.511649,1,1,55529.25764566377
AN16-14_D2,AN16-160_D2,6,-3.038225,35.01837,-3.29372,35.03663,1,1,23403.69742268167
AN16-14_D2,AN16-132_T,9,-3.038225,35.01837,-3.189766,35.243246,1,1,28516.482673807972
AN16-14_D2,AN17-20_S,10,-3.038225,35.01837,-2.56527,35.18269,1,1,46817.3391754289
AN16-14_D2,AN17-38_T1,0,-3.038225,35.01837,-3.28117,35.00691,1,1,22211.00528068222
AN16-14_D2,AN16-86-1_T,2,-3.038225,35.01837,-2.52621,35.25493,1,1,53537.03346124302
AN16-14_D2,AN16-155_B,7,-3.038225,35.01837,-3.29364,35.03649,1,1,23395.10432430792
AN16-14_D2,AN17-01-A_S,4,-3.038225,35.01837,-3.096573,35.149872,1,1,15529.179361555529
AN16-14_D2,AN16-110_D1,24,-3.038225,35.01837,-3.110753,35.112708,1,1,12381.626648808136
AN16-88_D,AN16-164_S1,11,-2.994935,35.095446,-3.03004,35.16133,1,1,7979.010296346956
AN16-88_D,AN16-24_T,28,-2.994935,35.095446,-3.09357,35.06333,1,1,9675.440070742172
AN16-88_D,AN16-135_I,10,-2.994935,35.095446,-3.06807,35.04067,1,1,9023.815292426081
AN16-88_D,AN16-155_S,10,-2.994935,35.095446,-3.29364,35.03649,1,1,28020.391426202237
AN16-88_D,AN17-01-A_B,13,-2.994935,35.095446,-3.096573,35.149872,1,1,11058.485973128474
AN16-88_D,AN17-18_S,11,-2.994935,35.095446,-2.65342,35.11702,1,1,31227.77681568494
AN16-88_D,LNA-2_T2,18,-2.994935,35.095446,-3.05212,35.11393,1,1,5602.448016959943
AN16-88_D,AN16-109_D1,12,-2.994935,35.095446,-3.01212,35.49434,1,1,44283.28478542071
AN16-88_D,AN16-122_T1,14,-2.994935,35.095446,-2.934868,35.511649,1,1,46498.15941939925
AN16-88_D,AN16-160_D2,9,-2.994935,35.095446,-3.29372,35.03663,1,1,28023.843925610745
AN16-88_D,AN16-132_T,0,-2.994935,35.095446,-3.189766,35.243246,1,1,24164.13159348657
AN16-88_D,AN17-20_S,13,-2.994935,35.095446,-2.56527,35.18269,1,1,40335.36304470921
AN16-88_D,AN17-38_T1,9,-2.994935,35.095446,-3.28117,35.00691,1,1,27899.761373470625
AN16-88_D,AN16-86-1_T,11,-2.994935,35.095446,-2.52621,35.25493,1,1,46218.525420946105
AN16-88_D,AN16-155_B,10,-2.994935,35.095446,-3.29364,35.03649,1,1,28020.391426202237
AN16-88_D,AN17-01-A_S,7,-2.994935,35.095446,-3.096573,35.149872,1,1,11058.485973128474
AN16-88_D,AN16-110_D1,27,-2.994935,35.095446,-3.110753,35.112708,1,1,10731.666259312213
AN16-164_S1,AN16-24_T,27,-3.03004,35.16133,-3.09357,35.06333,1,1,12318.734529016832
AN16-164_S1,AN16-135_I,9,-3.03004,35.16133,-3.06807,35.04067,1,1,13828.100080038488
AN16-164_S1,AN16-155_S,9,-3.03004,35.16133,-3.29364,35.03649,1,1,27739.564344153227
AN16-164_S1,AN17-01-A_B,12,-3.03004,35.16133,-3.096573,35.149872,1,1,6194.001437590199
AN16-164_S1,AN17-18_S,10,-3.03004,35.16133,-2.65342,35.11702,1,1,34672.86721209014
AN16-164_S1,LNA-2_T2,17,-3.03004,35.16133,-3.05212,35.11393,1,1,5630.555280178726
AN16-164_S1,AN16-109_D1,11,-3.03004,35.16133,-3.01212,35.49434,1,1,36982.23341214742
AN16-164_S1,AN16-122_T1,13,-3.03004,35.16133,-2.934868,35.511649,1,1,39818.17907440158
AN16-164_S1,AN16-160_D2,8,-3.03004,35.16133,-3.29372,35.03663,1,1,27738.11698297993
AN16-164_S1,AN16-132_T,11,-3.03004,35.16133,-3.189766,35.243246,1,1,17150.92200627325
AN16-164_S1,AN17-20_S,12,-3.03004,35.16133,-2.56527,35.18269,1,1,42405.251785991575
AN16-164_S1,AN17-38_T1,8,-3.03004,35.16133,-3.28117,35.00691,1,1,28600.381937544655
AN16-164_S1,AN16-86-1_T,10,-3.03004,35.16133,-2.52621,35.25493,1,1,47037.484285847975
AN16-164_S1,AN16-155_B,9,-3.03004,35.16133,-3.29364,35.03649,1,1,27739.564344153227
AN16-164_S1,AN17-01-A_S,6,-3.03004,35.16133,-3.096573,35.149872,1,1,6194.001437590199
AN16-164_S1,AN16-110_D1,26,-3.03004,35.16133,-3.110753,35.112708,1,1,9121.762392183618
AN16-24_T,AN16-135_I,26,-3.09357,35.06333,-3.06807,35.04067,1,1,3425.1844122672105
AN16-24_T,AN16-155_S,26,-3.09357,35.06333,-3.29364,35.03649,1,1,18494.20833184472
AN16-24_T,AN17-01-A_B,29,-3.09357,35.06333,-3.096573,35.149872,1,1,9605.090970460535
AN16-24_T,AN17-18_S,27,-3.09357,35.06333,-2.65342,35.11702,1,1,40575.90467223082
AN16-24_T,LNA-2_T2,34,-3.09357,35.06333,-3.05212,35.11393,1,1,6767.59272042025
AN16-24_T,AN16-109_D1,28,-3.09357,35.06333,-3.01212,35.49434,1,1,48389.434576745334
AN16-24_T,AN16-122_T1,30,-3.09357,35.06333,-2.934868,35.511649,1,1,51791.87856342141
AN16-24_T,AN16-160_D2,25,-3.09357,35.06333,-3.29372,35.03663,1,1,18498.90300976728
AN16-24_T,AN16-132_T,28,-3.09357,35.06333,-3.189766,35.243246,1,1,21800.202464662812
AN16-24_T,AN17-20_S,29,-3.09357,35.06333,-2.56527,35.18269,1,1,49942.71928284736
AN16-24_T,AN17-38_T1,25,-3.09357,35.06333,-3.28117,35.00691,1,1,18226.80185527274
AN16-24_T,AN16-86-1_T,27,-3.09357,35.06333,-2.52621,35.25493,1,1,55892.585342637154
AN16-24_T,AN16-155_B,26,-3.09357,35.06333,-3.29364,35.03649,1,1,18494.20833184472
AN16-24_T,AN17-01-A_S,23,-3.09357,35.06333,-3.096573,35.149872,1,1,9605.090970460535
AN16-24_T,AN16-110_D1,7,-3.09357,35.06333,-3.110753,35.112708,1,1,5697.794611566719
AN16-135_I,AN16-155_S,0,-3.06807,35.04067,-3.29364,35.03649,1,1,20587.421845205903
AN16-135_I,AN17-01-A_B,11,-3.06807,35.04067,-3.096573,35.149872,1,1,12390.756110707362
AN16-135_I,AN17-18_S,9,-3.06807,35.04067,-2.65342,35.11702,1,1,38753.291706922726
AN16-135_I,LNA-2_T2,16,-3.06807,35.04067,-3.05212,35.11393,1,1,8256.76261049813
AN16-135_I,AN16-109_D1,10,-3.06807,35.04067,-3.01212,35.49434,1,1,50589.4382041971
AN16-135_I,AN16-122_T1,12,-3.06807,35.04067,-2.934868,35.511649,1,1,53639.96293347804
AN16-135_I,AN16-160_D2,7,-3.06807,35.04067,-3.29372,35.03663,1,1,20594.35818107895
AN16-135_I,AN16-132_T,10,-3.06807,35.04067,-3.189766,35.243246,1,1,25061.756415137
AN16-135_I,AN17-20_S,11,-3.06807,35.04067,-2.56527,35.18269,1,1,48469.57086946169
AN16-135_I,AN17-38_T1,7,-3.06807,35.04067,-3.28117,35.00691,1,1,19805.23997550561
AN16-135_I,AN16-86-1_T,9,-3.06807,35.04067,-2.52621,35.25493,1,1,54800.111913961046
AN16-135_I,AN16-155_B,0,-3.06807,35.04067,-3.29364,35.03649,1,1,20587.421845205903
AN16-135_I,AN17-01-A_S,5,-3.06807,35.04067,-3.096573,35.149872,1,1,12390.756110707362
AN16-135_I,AN16-110_D1,25,-3.06807,35.04067,-3.110753,35.112708,1,1,8889.69475682893
AN16-155_S,AN17-01-A_B,11,-3.29364,35.03649,-3.096573,35.149872,1,1,21934.654699428265
AN16-155_S,AN17-18_S,9,-3.29364,35.03649,-2.65342,35.11702,1,1,59069.320733983426
AN16-155_S,LNA-2_T2,16,-3.29364,35.03649,-3.05212,35.11393,1,1,23643.84683609293
AN16-155_S,AN16-109_D1,10,-3.29364,35.03649,-3.01212,35.49434,1,1,56889.81620578945
AN16-155_S,AN16-122_T1,12,-3.29364,35.03649,-2.934868,35.511649,1,1,62004.42634204876
AN16-155_S,AN16-160_D2,7,-3.29364,35.03649,-3.29372,35.03663,1,1,17.161676621006933
AN16-155_S,AN16-132_T,10,-3.29364,35.03649,-3.189766,35.243246,1,1,24814.709613279814
AN16-155_S,AN17-20_S,11,-3.29364,35.03649,-2.56527,35.18269,1,1,68354.86259752451
AN16-155_S,AN17-38_T1,7,-3.29364,35.03649,-3.28117,35.00691,1,1,3473.371329201648
AN16-155_S,AN16-86-1_T,9,-3.29364,35.03649,-2.52621,35.25493,1,1,74012.66483732665
AN16-155_S,AN16-155_B,0,-3.29364,35.03649,-3.29364,35.03649,1,1,0
AN16-155_S,AN17-01-A_S,5,-3.29364,35.03649,-3.096573,35.149872,1,1,21934.654699428265
AN16-155_S,AN16-110_D1,25,-3.29364,35.03649,-3.110753,35.112708,1,1,18701.08979902837
AN17-01-A_B,AN17-18_S,12,-3.096573,35.149872,-2.65342,35.11702,1,1,40552.91995392804
AN17-01-A_B,LNA-2_T2,19,-3.096573,35.149872,-3.05212,35.11393,1,1,5684.627898307973
AN17-01-A_B,AN16-109_D1,13,-3.096573,35.149872,-3.01212,35.49434,1,1,38981.385982691674
AN17-01-A_B,AN16-122_T1,15,-3.096573,35.149872,-2.934868,35.511649,1,1,42745.814475433894
AN17-01-A_B,AN16-160_D2,10,-3.096573,35.149872,-3.29372,35.03663,1,1,21931.717700444715
AN17-01-A_B,AN16-132_T,13,-3.096573,35.149872,-3.189766,35.243246,1,1,13391.962835110568
AN17-01-A_B,AN17-20_S,14,-3.096573,35.149872,-2.56527,35.18269,1,1,48540.04257336554
AN17-01-A_B,AN17-38_T1,10,-3.096573,35.149872,-3.28117,35.00691,1,1,23129.7780134199
AN17-01-A_B,AN16-86-1_T,12,-3.096573,35.149872,-2.52621,35.25493,1,1,53230.52137613547
AN17-01-A_B,AN16-155_B,11,-3.096573,35.149872,-3.29364,35.03649,1,1,21934.654699428265
AN17-01-A_B,AN17-01-A_S,8,-3.096573,35.149872,-3.096573,35.149872,1,1,0
AN17-01-A_B,AN16-110_D1,28,-3.096573,35.149872,-3.110753,35.112708,1,1,4320.89280818938
AN17-18_S,LNA-2_T2,17,-2.65342,35.11702,-3.05212,35.11393,1,1,36346.97954842875
AN17-18_S,AN16-109_D1,11,-2.65342,35.11702,-3.01212,35.49434,1,1,53072.430702119724
AN17-18_S,AN16-122_T1,13,-2.65342,35.11702,-2.934868,35.511649,1,1,50714.66988701531
AN17-18_S,AN16-160_D2,8,-2.65342,35.11702,-3.29372,35.03663,1,1,59074.136854839475
AN17-18_S,AN16-132_T,11,-2.65342,35.11702,-3.189766,35.243246,1,1,50821.907954831586
AN17-18_S,AN17-20_S,12,-2.65342,35.11702,-2.56527,35.18269,1,1,10844.32347362681
AN17-18_S,AN17-38_T1,2,-2.65342,35.11702,-3.28117,35.00691,1,1,58551.290051619006
AN17-18_S,AN16-86-1_T,4,-2.65342,35.11702,-2.52621,35.25493,1,1,19192.288807809833
AN17-18_S,AN16-155_B,9,-2.65342,35.11702,-3.29364,35.03649,1,1,59069.320733983426
AN17-18_S,AN17-01-A_S,6,-2.65342,35.11702,-3.096573,35.149872,1,1,40552.91995392804
AN17-18_S,AN16-110_D1,26,-2.65342,35.11702,-3.110753,35.112708,1,1,41693.375140636934
LNA-2_T2,AN16-109_D1,18,-3.05212,35.11393,-3.01212,35.49434,1,1,42361.52709545402
LNA-2_T2,AN16-122_T1,20,-3.05212,35.11393,-2.934868,35.511649,1,1,45395.49279412966
LNA-2_T2,AN16-160_D2,15,-3.05212,35.11393,-3.29372,35.03663,1,1,23644.98943963615
LNA-2_T2,AN16-132_T,15,-3.05212,35.11393,-3.189766,35.243246,1,1,19053.466602507604
LNA-2_T2,AN17-20_S,19,-3.05212,35.11393,-2.56527,35.18269,1,1,45014.3507350533
LNA-2_T2,AN17-38_T1,15,-3.05212,35.11393,-3.28117,35.00691,1,1,24031.929054659046
LNA-2_T2,AN16-86-1_T,17,-3.05212,35.11393,-2.52621,35.25493,1,1,50390.88721111893
LNA-2_T2,AN16-155_B,16,-3.05212,35.11393,-3.29364,35.03649,1,1,23643.84683609293
LNA-2_T2,AN17-01-A_S,13,-3.05212,35.11393,-3.096573,35.149872,1,1,5684.627898307973
LNA-2_T2,AN16-110_D1,33,-3.05212,35.11393,-3.110753,35.112708,1,1,5346.828607008396
AN16-109_D1,AN16-122_T1,14,-3.01212,35.49434,-2.934868,35.511649,1,1,7267.108183912801
AN16-109_D1,AN16-160_D2,9,-3.01212,35.49434,-3.29372,35.03663,1,1,56879.21744963688
AN16-109_D1,AN16-132_T,11,-3.01212,35.49434,-3.189766,35.243246,1,1,32197.88475836857
AN16-109_D1,AN17-20_S,13,-3.01212,35.49434,-2.56527,35.18269,1,1,53345.921862079675
AN16-109_D1,AN17-38_T1,9,-3.01212,35.49434,-3.28117,35.00691,1,1,59363.14894879995
AN16-109_D1,AN16-86-1_T,11,-3.01212,35.49434,-2.52621,35.25493,1,1,51528.28050016149
AN16-109_D1,AN16-155_B,10,-3.01212,35.49434,-3.29364,35.03649,1,1,56889.81620578945
AN16-109_D1,AN17-01-A_S,7,-3.01212,35.49434,-3.096573,35.149872,1,1,38981.385982691674
AN16-109_D1,AN16-110_D1,27,-3.01212,35.49434,-3.110753,35.112708,1,1,43280.45925518032
AN16-122_T1,AN16-160_D2,11,-2.934868,35.511649,-3.29372,35.03663,1,1,61995.03975698719
AN16-122_T1,AN16-132_T,14,-2.934868,35.511649,-3.189766,35.243246,1,1,37725.77984075429
AN16-122_T1,AN17-20_S,15,-2.934868,35.511649,-2.56527,35.18269,1,1,49606.11495885377
AN16-122_T1,AN17-38_T1,11,-2.934868,35.511649,-3.28117,35.00691,1,1,64256.451475378664
AN16-122_T1,AN16-86-1_T,13,-2.934868,35.511649,-2.52621,35.25493,1,1,46796.76108630644
AN16-122_T1,AN16-155_B,12,-2.934868,35.511649,-3.29364,35.03649,1,1,62004.42634204876
AN16-122_T1,AN17-01-A_S,9,-2.934868,35.511649,-3.096573,35.149872,1,1,42745.814475433894
AN16-122_T1,AN16-110_D1,29,-2.934868,35.511649,-3.110753,35.112708,1,1,47062.47030405058
AN16-160_D2,AN16-132_T,9,-3.29372,35.03663,-3.189766,35.243246,1,1,24803.13374103878
AN16-160_D2,AN17-20_S,10,-3.29372,35.03663,-2.56527,35.18269,1,1,68358.20902264418
AN16-160_D2,AN17-38_T1,6,-3.29372,35.03663,-3.28117,35.00691,1,1,3490.438105530716
AN16-160_D2,AN16-86-1_T,8,-3.29372,35.03663,-2.52621,35.25493,1,1,74014.41281659025
AN16-160_D2,AN16-155_B,7,-3.29372,35.03663,-3.29364,35.03649,1,1,17.161676621006933
AN16-160_D2,AN17-01-A_S,4,-3.29372,35.03663,-3.096573,35.149872,1,1,21931.717700444715
AN16-160_D2,AN16-110_D1,24,-3.29372,35.03663,-3.110753,35.112708,1,1,18700.570167862592
AN16-132_T,AN17-20_S,13,-3.189766,35.243246,-2.56527,35.18269,1,1,57256.41985105556
AN16-132_T,AN17-38_T1,9,-3.189766,35.243246,-3.28117,35.00691,1,1,27511.62165653402
AN16-132_T,AN16-86-1_T,11,-3.189766,35.243246,-2.52621,35.25493,1,1,60404.47288082592
AN16-132_T,AN16-155_B,10,-3.189766,35.243246,-3.29364,35.03649,1,1,24814.709613279814
AN16-132_T,AN17-01-A_S,7,-3.189766,35.243246,-3.096573,35.149872,1,1,13391.962835110568
AN16-132_T,AN16-110_D1,27,-3.189766,35.243246,-3.110753,35.112708,1,1,16172.216406198768
AN17-20_S,AN17-38_T1,10,-2.56527,35.18269,-3.28117,35.00691,1,1,68128.27983572084
AN17-20_S,AN16-86-1_T,12,-2.56527,35.18269,-2.52621,35.25493,1,1,8768.177937379513
AN17-20_S,AN16-155_B,11,-2.56527,35.18269,-3.29364,35.03649,1,1,68354.86259752451
AN17-20_S,AN17-01-A_S,8,-2.56527,35.18269,-3.096573,35.149872,1,1,48540.04257336554
AN17-20_S,AN16-110_D1,28,-2.56527,35.18269,-3.110753,35.112708,1,1,50309.138911027825
AN17-38_T1,AN16-86-1_T,2,-3.28117,35.00691,-2.52621,35.25493,1,1,74106.4575943537
AN17-38_T1,AN16-155_B,7,-3.28117,35.00691,-3.29364,35.03649,1,1,3473.371329201648
AN17-38_T1,AN17-01-A_S,4,-3.28117,35.00691,-3.096573,35.149872,1,1,23129.7780134199
AN17-38_T1,AN16-110_D1,24,-3.28117,35.00691,-3.110753,35.112708,1,1,19479.120623694165
AN16-86-1_T,AN16-155_B,9,-2.52621,35.25493,-3.29364,35.03649,1,1,74012.66483732665
AN16-86-1_T,AN17-01-A_S,6,-2.52621,35.25493,-3.096573,35.149872,1,1,53230.52137613547
AN16-86-1_T,AN16-110_D1,26,-2.52621,35.25493,-3.110753,35.112708,1,1,55530.99966695526
AN16-155_B,AN17-01-A_S,5,-3.29364,35.03649,-3.096573,35.149872,1,1,21934.654699428265
AN16-155_B,AN16-110_D1,25,-3.29364,35.03649,-3.110753,35.112708,1,1,18701.08979902837
AN17-01-A_S,AN16-110_D1,22,-3.096573,35.149872,-3.110753,35.112708,1,1,4320.89280818938
